-- phpMyAdmin SQL Dump
-- version 4.0.10deb1
-- http://www.phpmyadmin.net
--
-- Host: localhost
-- Generation Time: Oct 08, 2014 at 06:40 AM
-- Server version: 5.5.38-0ubuntu0.14.04.1
-- PHP Version: 5.5.9-1ubuntu4.3

SET SQL_MODE = "NO_AUTO_VALUE_ON_ZERO";
SET time_zone = "+00:00";


/*!40101 SET @OLD_CHARACTER_SET_CLIENT=@@CHARACTER_SET_CLIENT */;
/*!40101 SET @OLD_CHARACTER_SET_RESULTS=@@CHARACTER_SET_RESULTS */;
/*!40101 SET @OLD_COLLATION_CONNECTION=@@COLLATION_CONNECTION */;
/*!40101 SET NAMES utf8 */;

--
-- Database: `foundmissing`
--

-- --------------------------------------------------------

--
-- Table structure for table `activities`
--

CREATE TABLE IF NOT EXISTS `activities` (
  `id` int(14) NOT NULL AUTO_INCREMENT,
  `user_id` int(11) NOT NULL,
  `activity_type` varchar(30) DEFAULT NULL,
  `source_id` int(11) NOT NULL,
  `parent_id` int(11) DEFAULT NULL,
  `child_id` int(11) DEFAULT NULL,
  `entry_datetime` int(11) NOT NULL,
  `deleted` int(1) NOT NULL DEFAULT '0',
  PRIMARY KEY (`id`),
  KEY `user_id` (`user_id`)
) ENGINE=InnoDB DEFAULT CHARSET=latin1 AUTO_INCREMENT=1 ;

-- --------------------------------------------------------

--
-- Table structure for table `articles`
--

CREATE TABLE IF NOT EXISTS `articles` (
  `id` int(11) NOT NULL AUTO_INCREMENT,
  `entry_datetime` int(11) NOT NULL,
  `deleted` int(1) NOT NULL DEFAULT '0',
  `ordering` int(11) NOT NULL DEFAULT '1',
  `author_name` varchar(100) NOT NULL,
  `title` varchar(100) NOT NULL,
  `slug` varchar(100) NOT NULL,
  `excerpt` varchar(240) NOT NULL,
  `body` text NOT NULL,
  `bg_image_header` varchar(255) NOT NULL,
  `publish_date` int(9) DEFAULT '0',
  PRIMARY KEY (`id`)
) ENGINE=InnoDB  DEFAULT CHARSET=latin1 AUTO_INCREMENT=8 ;

--
-- Dumping data for table `articles`
--

INSERT INTO `articles` (`id`, `entry_datetime`, `deleted`, `ordering`, `author_name`, `title`, `slug`, `excerpt`, `body`, `bg_image_header`, `publish_date`) VALUES
(1, 1408600628, 0, 0, 'Shayan Jaffer', 'Air Jordans: The Evolution of the Culture', 'air-jordans-the-evolution-of-the-culture', 'â€œTinker made them shine. Mike made them fly. You made them iconic.â€ These three phrases can be found engraved into the insert of every Air Jordan 11 plastic packaging; which is arguably, the most popular sneaker model of the Jordan Bran', '<div class="row"><div class="col-md-offset-3 col-md-3 article_caption">â€œTinker made them shine. Mike made them fly. You made them iconic.â€<br /><img src="/images/fm-transblack-32.png" /></div></div><div class="row"><div class="col-md-offset-3 col-md-6">\r\nThese three phrases can be found engraved into the insert of every Air Jordan 11 plastic packaging; which is arguably, the most popular sneaker model of the Jordan Brand.\r\n<div class="indent">Tinker Hatfield, a designer and genius in the innovation and revolution of many Nike athletic shoes, was also the man behind the Jordan 11. He used patent leather to create a shine that not only enhanced athletic performance at the time, but added a classic aesthetic to the shoe.</div><div class="indent">The 6-time NBA Champion and 5-time NBA MVP Michael Jordan, also known as Mike, is the man who confirmed that flight is possible through his kicks. His dazzling array of dunks, and high quality performances on the court, continue to inspire people to â€˜be like Mikeâ€™.</div></div></div>\r\n<div class="row"><div class="col-md-6 left_image"><img class="article_image" src="/images/articles/20140821_air_jordan_evolution_of_culture/_48A1544-2.jpg" /><div class="article_caption_small text-right">Gathering of the sneakerheads-- an abundance of Kicks at Toronto''s premier convention, Kicks+TixTO, where sneakerheads from all over the city come together to buy, sell, display, view and discuss all things sneakers</div></div><div class="col-md-4"><div class="indent">But, letâ€™s focus on the latter part of the original phrase, â€œyou made them iconic.â€ This is referring to the consumers that spend lots of money on sneakers that probably should be used for more important things like tuition or significant others. The â€˜youâ€™ is for the troopers that freeze their ass off lining up days in advance, just to get their fix. Itâ€™s respected that we get a shout out on certain sneaker packaging from Nike, because we continue to cop, making almost every release sell out minutes after the doors open.</div></div></div>\r\n<div class="row"><div class="col-md-offset-2 col-md-6"><div class="indent">However, there seems to be a problem stirring up for Sneakerheads. Many sneaker enthusiasts feel there are developing issues that are diminishing what made sneaker culture iconic. There seems to be a separation in the generations of Sneakerheads that are building and destroying the great empire.</div><div class="indent">I spoke with two highly respected, Toronto-based sneaker collectors; Joel Hernandez (Twitter @jo_doooney) and Mike M. ( IG @franchise416) who have both been archiving and purchasing Nike shoes for over 10 years; both stockpiling highly impressive collections. They had much to say about Air Jordan sneaker culture, and how it has evolved.</div></div></div>\r\n<div class="row"><div class="col-md-12 left_image right_image"><img class="article_image" src="/images/articles/20140821_air_jordan_evolution_of_culture/_48A1445.jpg" /></div></div>\r\n<div class="row"><div class="col-md-offset-2 col-md-3"><div class="article_caption_small">Joel Hernandez (Far Left) with the rest of the Canada Got Sole team at their table. They ended up winning the sneaker showcase competition as the best display at the convention.</div></div><div class="col-md-5"><div class="indent">The evolution of technology, social media and the Internet has ushered in a drastic shift in terms of how sneakers are sold, obtained and displayed. Before, trying to cop a sneaker you really wanted meant getting out there, networking and getting to know people. Sneaker forums such as NikeTalk made the Sneakerhead community feel like an actual society and not just a bunch of people trying to one-up each other on Instagram.</div></div></div>\r\n<div class="row"><div class="col-md-6 left_image"><img class="article_image" src="/images/articles/20140821_air_jordan_evolution_of_culture/_48A1655.jpg" /><div class="article_caption_small text-right">Just kicking back, no pun intended</div></div><div class="col-md-6"><div class="indent">â€œBack then, I could bring a lawn chair, sit down and just talk about kicks with guys who were camped out. Those days, I truly miss.â€ Hernandez reminisces. â€œNowadays, itâ€™s crazy. Forget meaningful discussion, you have people selling their spots in line, kids paying their friends to come line up with them so they can get more pairs.â€</div><div class="indent">The disappearance of those genuine relationships with fellow Sneakerheads isnâ€™t all that bothers a veteran like Hernandez, itâ€™s the ignorance to the history and art.  â€œMany of these kids donâ€™t even know what theyâ€™re lined up for in terms of the history and the stories behind these kicks, and thatâ€™s what bothers me,â€ he says.</div><div class="indent">The lack of knowledge and admiration along with the self-proclamation leads to a decrease in value from all spectrums of sneaker culture.</div></div></div>\r\n\r\n<div class="row"><div class="col-md-offset-2 col-md-6"><div class="indent">Today, Air Jordanâ€™s have become a staple on the feet of everyone ranging from newborns to those lucky enough to witness Michael Jordan during his prime. More people are becoming part of a commercial Sneakerhead community that increases a demand in product.</div><div class="indent">According to SportsOneSource analyst Matt Powel, Jordan Brandâ€™s retail shoe sales alone have risen 11% over the past year, amounting to $2.7 Billion in the U.S (Forbes,  2014).</div><div class="indent">The popularity in Air Jordans have become a way for people to feel like they are part of an authentic Sneakerhead community where they can build friendships based off of mutual interests. Because of this culture, Air Jordans continue to be released in more amounts than ever before, with an abundance of colour ways.  In many ways this growth has over-saturated the game.</div>\r\n\r\n\r\n\r\n\r\n<div class="article_caption_small text-right">Mike with some of his heat</div></div><div class="col-md-4 right_image"><img class="article_image" src="/images/articles/20140821_air_jordan_evolution_of_culture/_48A1181-2.jpg" /></div></div>\r\n\r\n<div class="row"><div class="col-md-6 left_image"><img class="article_image" src="/images/articles/20140821_air_jordan_evolution_of_culture/_48A1649.jpg" /></div><div class="col-md-4"><div class="indent">Mike sees the positivity in the growth of the brand. He says, â€œThe passion that we hold for kicks is now so easily satisfied, and itâ€™s great to have such a big community of people who share the same interests as you,â€ he explains.</div><div class="indent">However, Hernandez claims that as much as the community is growing, the quality seems to go down. </div><div class="indent">â€œ[For Example, my pair of], the 1999 Jordan 4â€™s, even though theyâ€™re starting to fall apart at the midsole a little bit, you put your foot in it and you feel the qualityâ€¦the ankle support, cushioning, and Air technology. Jordan once used to put quality into their shoes,â€ he states.</div></div></div>\r\n<div class="row"><div class="col-md-offset-3 col-md-6"><div class="indent">It appears, technology is evolving, but materials and quality in retro models are becoming instinct. Jordan Brand is simply catering to Hypebeast who will buy anything at any price because it is trendy. This is unfair to sneaker traditionalists.</div><div class="indent">â€œI would say, bring back quality in the shoes. I personally would pay the extra money for quality in the shoes again.â€</div><div class="indent">Luckily for Hernandez; in an interview with David Schechter, Jordan Brandâ€™s VP and Category Footwear Leader, he confirmed that in Spring of 2015 all Jordan retro releases will be made true to their original forms, with high quality materials. However there will be up to a 15 dollar increase in the retail price of each model (<a href="http://TheShoeGame.com" target="_blank">TheShoeGame.com</a>, June 2014).</div></div></div>\r\n<div class="row"><div class="col-md-12 left_image right_image"><img class="article_image" src="/images/articles/20140821_air_jordan_evolution_of_culture/_48A8928.jpg" /></div></div>\r\n<div class="row"><div class="col-md-offset-1 col-md-8"><div class="indent">â€œThey will be able to make those who long for the original, well-made shoes happy, as well as the newer Sneakerheads happyâ€ exclaims Mike. â€œIâ€™m looking forward to it.â€</div><div class="indent">Sneakerheads traditionalists like Hernandez can kick back and break necks in their OG heat, while Hypebeasts have the opportunity to look on or join in with Jordanâ€™s 2015 initiative. But then again, Hypebeasts will always be Hypebeasts.</div>\r\n<div class="indent">There is no denying one thing though, and that is Air Jordans will forever be iconic, no matter who is wearing them.</div></div><div class="col-md-3 indent article_notes">Much of Joelâ€™s and Mikeâ€™s heat can be found on their IG feeds (@jo_doooney and @franchise416, respectively).  Joel is also associated with Toronto Loves Kicks, an online community/collective that strives to educate and promote awareness and discussion about the culture, found at <a href="http://torontoloveskicks.com" target="_blank">torontoloveskicks.com</a> and tdotloveskicks on Facebook.</div></div>\r\n\r\n<div class="row"><div class="col-md-12 text-center"><img src="/images/fm-transblack-32.png" /><br />by <span style="font-style:italic">Shayan Jaffer</span></div></div>\r\n', '20140821_air_jordan_evolution_of_culture/_48A1632.jpg', 1408634335),
(2, 1408600611, 0, 1, 'Danica Samuel', 'Livestock: The birth of Canada''s Footwear Hub', 'livestock-the-birth-of-canadas-footwear-hub', 'The birth of Canadaâ€™s footwear hub that changed the Sneaker culture forever', '<div class="row"><div class="col-md-offset-3 col-md-3 article_caption">Weekend line-ups at the shop have become a norm for Mr. Bone, which is a far fetch from what he expected 10 years ago.<br /><img src="/images/fm-transblack-32.png" /></div></div><div class="row"><div class="col-md-offset-3 col-md-6">\r\nBone, was a teenager from the shit Suburbs of Vancouver (as he puts it), when he was given the opportunity to turn his passion into a career.<div class="indent">Up until now, Livestock owner and entrepreneur, Gary Bone, has always been a lover of his skateboarding shoes, especially his Dunk Lows.  When he was younger heâ€™d wear them until they couldnâ€™t be worn, then purchase a fresh pair in a different style, just to do the same damage. Sneakerheads may have looked at Bone and felt that he was ridiculous for using his shoes too much, but he always made it very clear that heâ€™s not a keep-it-in-the-shoe-box kind of guy. Utilising all possessions and opportunities to his advantage is what fostered his zero to hero story.</div></div></div>\r\n<div class="row"><div class="col-md-12"><div class="indent">Boneâ€™s encouragement to open his own store derived mostly from his admirable connections and people wanting him to bring more footwear into the city. In 1997, he was able to develop a strong connection with Nike, through selling their shoes at the skate shop. Not to mention his own love for their shoes. â€œI loved dunks, primarily because they were dirt cheap, footlocker had these amazing deals where you buy one and get the other half offâ€, Bone remembers. â€œYouâ€™d usually see me rocking all black or all white dunks, that was my thingâ€.  When the Nike SBâ€™s launched in 2002, it was a new sort of haven for the consumers at Board Kennel. His relationship grew with the brand, until the point Nike encouraged him to open his own shop.</div><div class="indent">In August of 2004 Bone started the grind. He needed as much help as possible, and he certainly did. After all, a masterpiece brand like livestock can only be brought to life through many diligent and dedicated hands. One person that was always there from the beginning was Garret Louie, a helping hand that led to many. Louie had his own promotion company, and also one of the distributers for Board Kennel. However, one thing the two shared in common was their love for sneakers. Louieâ€™s passion seemed to be festering for years and Bone was the perfect person to bring it out, â€œI got into sneakers from travelling around the world and picking up shoes from different cities that you couldnâ€™t buy in Canada.â€  Louie shares. â€œWhen Gary came with the idea, it made sense to finally be able to bring some selection to the Countryâ€.</div></div></div>\r\n<div class="row"><div class="col-md-4 left_image"><img src="/images/articles/20140821_found_livestock/of450_10.jpg" class="article_image" /><br /><div class="article_caption_small text-right">Lineups like these have become regular on the weekends at all three locations </div></div><div class="col-md-6"><div class="indent">Louie introduced Bone to business partner Kenta Kimura, graffiti artist Chris Allen and Kenta Goto who was responsible for designing all stores. Kimura thought of the name Dead Stock, after a Sneakerhead terminology, although, the team wasnâ€™t completely sold.  Eventually they came up with Livestock. â€œThe name Livestock came up because it was to promote wearing your shoes.â€ Bone explains. â€œThe Sneakerhead term for collecting shoes is deadstock, so livestock is saying not to leave them on the shelf, but keep them alive.â€</div><div class="indent">This is a passion that Bone is so adamant about- utilising things towards its 100 percent use. He believes if clothing is made to be worn, then wear it until it canâ€™t be worn no more, similar to his pair of dunks back in the day.</div><div class="indent">â€œIf I ever got a Ferrari I would drive the thing until it broke, thatâ€™s what itâ€™s for, shoes are for wearing theyâ€™re not art pieces, theyâ€™re functional fashion, we should use them for that purpose and enjoy them for their function.â€  And so with that mentality, began the name and the basis of Livestock Canada.</div></div></div>\r\n<div class="row"><div class="col-md-offset-2 col-md-8"><div class="indent">Until this day that same crew keeps the brand alive.  Louie says â€œWe are such a bigger operation that we really have a great crew that can deal with all aspects from top to bottom.â€</div><div class="indent">With the brand taking flight it was exposed to the likes of many big names.  The logo in itself already set a precedent from the beginning. Bone remembers receiving an email from the legendary Eric Hayes, who complimented him on the logo. Kenta designed the Vancouver location and all it took was the right partners, and the right product to bring in the attention.</div><div class="indent">Bone goes down memory lane about all the significant moments in Livestock history that were so uplifting to the brand, and gave it the status it holds today.  Some of the most flourishing moments of the brand included Tinker Hatfield walking into the store and Livestock being one of the only stores out of three boutiques in North America to hold Pharrellâ€™s Billionaire Boys Club Brand when it first launched.</div></div></div>\r\n<div class="row"><div class="col-md-12 left_image right_image"><iframe src=''http://cdn.knightlab.com/libs/timeline/latest/embed/index.html?source=0ApfwLfVjlf5udEdsYkQ1b2RRV2RiUDd0b2l2QVlDMUE&maptype=toner&lang=en&height=500'' width=''100%'' height=''500'' frameborder=''0''></iframe></div></div>\r\n<div class="row"><div class="col-md-offset-3 col-md-6"><div class="indent">The Livestock Brand is still adding to their legendary timeline. Bone mentions to me the new integration of apparel, something he knew from day one that heâ€™d have to incorporate in the store. â€œWe built our first store on a shoe string budgetâ€¦in the beginning livestock was only going to be footwear, no apparel no accessories. But, I guess as we got into it, we realized thatâ€™s not a viable business and we needed to sell more.â€</div><div class="indent">With a new store opening in Vancouverâ€™s China Town this year, Livestock is dedicating 60% more apparel to Consumer. Most importantly the Brand is revealing a new clothing line called Illustrative Example (IE). A collection that he describes is a pure reflection of their personalities.</div></div></div> \r\n<div class="row"><div class="col-md-6 left_image"><img src="/images/articles/20140821_found_livestock/1-1.jpg" class="article_image" /><br /><div class="article_caption_small text-right">Livestocks first Block Party 2009 brought out many people from all over Canada</div></div><div class="col-md-4"><div class="indent">â€œThe idea is really because we are passive people, we want to do our thing, if you like it thatâ€™s cool if you donâ€™t thatâ€™s also cool we donâ€™t careâ€ Says Bone, â€œIE is a contrast to a lot of brand names out there, it shows our example of what we clothing should look likeâ€. The brand will be premium by having all their material manufactured in 1st world countries like Canada, Japan and England.</div><div class="indent">What makes this collection catchier is the fact that ladies now have the chance to shop their fit. Thanks to designer Judith Feller on board with the creative IE pieces; ladies can now shop trendy, classic gear just like Livestock male consumers. Bone says heâ€™s never been happier â€œFrom womenâ€™s wear, she understands fit, because women are so much more pickier with fitting than guys are. For us we donâ€™t really vary in shape a lot, so for a woman on board who doesnâ€™t have the baggage of designing a previous menswear line, Iâ€™m really excited for it.â€</div></div></div>\r\n<div class="row"><div class="col-md-offset-2 col-md-8"><div class="indent">Itâ€™s hard to believe that Bone and his team arenâ€™t ahead of themselves. Their down to earth personalities are so complimentary to a brand thatâ€™s suitable to lovers of footwear and footwear culture.  They continue to work hard and are currently building another location that will also gain line-ups on the weekend. All under 20 years Livestock continues to be a masterpiece in footwear culture.</div><div class="indent">Many Canadians consider Livestock the footwear Godâ€™s of the nation, but Louie says, â€œIâ€™m not sure we are some saviour to Canadaâ€™s footwear culture. We just do our thing and try to bring good product into the stores while doing our best to tell the story.â€ And the story is worth telling each time.</div></div></div>\r\n<div class="row"><div class="col-md-offset-4 col-md-4"><div class="indent">Looking back on his career through Livestock Bone still says heâ€™s super stoked.  With line-ups every weekend and over a thousand queues through their online department only shows success in so many ways.</div><div class="indent">Boneâ€™s triumph story is remarkable. 10 years ago he was a storeowner with a vision to show his appreciation to footwear, and now heâ€™s taken the same goal and has championed so many avenues of fashion, footwear culture and street wear culture across the globe.  When heâ€™s not dealing with Livestock he continues to grind through his trading company, Take5Trading. He builds his relationship with brands like, HUF, The Hundreds, G-shock, HEX,10Deep, Odd Future and much more who have actively been sold at Livestock.</div></div><div class="col-md-4 right_image"><img src="/images/articles/20140821_found_livestock/of450_9.jpg" class="article_image" /></div></div>\r\n<div class="row"><div class="col-md-offset-2 col-md-7"><div class="indent">â€œI was 19 as the skate shop owner,  24 when livestock openedâ€¦ You can paint the picture so much rosier going backwards, I just did shit and it worked out for me.  For a high school drop out from a shit suburb of Vancouver, you couldnâ€™t have written a better story of what my Life has become.â€</div></div><div class="col-md-3"><div class="indent article_notes">Check out <a href="http://deadstock.ca" target="_blank">deadstock.ca</a> for the latest and trendiest footwear and look out for their newest location in ChinaTown designed by Lukas Peet, located at 239 Abbott St (gastown) Vancouver, BC V6B 2K7</div></div></div>\r\n\r\n<div class="row"><div class="col-md-12 text-center"><img src="/images/fm-transblack-32.png" /><br />by <span style="font-style:italic">Danica Samuel</span></div></div>', '20140821_found_livestock/thehundreds_livestockweb-42.jpg', 1408608592),
(3, 1408600652, 0, 2, 'David Bremang', 'Origin', 'origin', 'It''s amazing how five years of going through tough obstacles can finally get you closer to achieving your set goals. Having a footwear geared website was something I picked up in 2008 to develop a new conversation in menâ€™s footwear cultur', '<div class="row"><div class="col-md-offset-3 col-md-3 article_caption">It''s amazing how five years of going through tough obstacles can finally get you closer to achieving your set goals.<br /><img src="/images/fm-transblack-32.png" /></div></div><div class="row"><div class="col-md-offset-3 col-md-6">\r\nHaving a footwear geared website was something I picked up in 2008 to develop a new conversation in menâ€™s footwear culture. However, as years passed, I''ve learned much more about channeling my ideas into something spectacular. I learned the importance of branding.</div></div>\r\n<div class="row"><div class="col-md-offset-2 col-md-6"><div class="indent">I created FoundMissing with the help and engagement of many friends and business partners. I was blessed enough to be mentored by peers and icons I looked up to in the city of Toronto;Â Gavin Sheppard, Bryan Brock, and Oliver El-KhatibÂ to name a few. I was able to learn from Oliver El-Khatib on how creating a brand with value and substance is key in order to survive in a competitive market. By learning from Oliver, I was able to take notes from the Octoberâ€™s Very Own (OVO) team on how they set a high precedent and differentiated themselves from every other brand within the music and fashion industry.</div></div><div class="col-md-4 right_image"><img class="article_image" src="/images/articles/20140821_davids_letter/Photo_2014-06-12_3_55_31_PM.jpg" /></div></div>\r\n<div class="row"><div class="col-md-4 left_image"><img class="article_image" src="/images/articles/20140821_davids_letter/4694170689_3238400957_o.jpg" /></div><div class="col-md-6"><div class="indent">Through building FoundMissing I started to learn the true meaning of branding. To me, a brand could be any object that exerts a sense ofÂ  value. A brand could be a person, place or thing. Our personality is a brand. We create our brands through the notion of how we perceive it and from there the public will either follow or not. For example, there is a big difference between Gucci and Louis Vuitton - two different brands because they share two different values. One goes on sale, one doesnâ€™t.Â Through building myself as a brand, I gained knowledge to push forward and make a strong, unique website. I am a strong believer that everything happens for a reason. In the past people have joked around and taunted me about what they perceived as procrastination. They would say things like â€œwhen will the website launch- itâ€™s been so long!â€ However, as the great saying goes, Rome wasnâ€™t built in one day.Â I stayed focus on my plan and was patient in my execution.</div></div></div>\r\n<div class="row"><div class="col-md-offset-4 col-md-4"><div class="indent">I''m happy to say Iâ€™ve been diligent, and persistent in putting quality first. Iâ€™ve learned the doâ€™s and donâ€™ts in my business.Â I wouldn''t say I failed, but within the past 5 years I know how to not make a website three times over.</div><div class="indent">This is not a job for me, it''s something deeper than that. It''s a passion vested within me now. I want a website that benefits product search, as well as hold social responsibility.</div></div><div class="col-md-4 right_image"><img class="article_image" src="/images/articles/20140821_davids_letter/home.jpg" /></div></div>\r\n<div class="row"><div class="col-md-4 left_image"><img class="article_image" src="/images/articles/20140821_davids_letter/Photo_2014-06-05_5_42_08_PM.jpg" /></div><div class="col-md-6"><div class="indent">I would like FoundMissing to be the voice of consumers not only within the menâ€™s footwear realm, but also with fashion in general. I believe that with consistent stellar innovations and the right eminence we can clench a close relationship with our members, consumers, and partners. I can tell you that the main goal of FoundMissing is to create and hold on a long lasting emotional attachment with everyone that decides to be apart of it. This is done through basic marketing principles. In my world, customer service comes first, a key component I will not misuse. Finding the needs of customers and serving them correctly is what changes them from a customer to a consumer to a friend. This here, is the FoundMissing approach.</div></div></div>\r\n<div class="row"><div class="col-md-offset-3 col-md-6"><div class="indent">The website not only delivers quality articles and reviews of latest menâ€™s footwear, it looks and feels that way. With James Lee as FoundMissingâ€™s Creative Director and Mike Nguyen as Head Developer, FoundMissing''s game plan in effect has become seamless. I initially met James on Behance after thinking of revamping the whole brand. It takes a lot to contribute your talents to someoneâ€™s project, especially after meeting them over social media. However, James has created a sharp aesthetic about FoundMissing that is noticeable miles away. His ideas and designs have made FoundMissing stand out in a simple monochromatic approach.</div><div class="indent">Mike, an extremely dedicated hard worker who knows how to surprise the team with web functions we never knew can possibly happen and believe me he does it. Mike is efficient and is always willing to learn more to benefit the team. I really appreciate having him on the team as our head developer as I know he will continue to bring FoundMissing to its next stage by the end of Q4 2014.</div></div></div>\r\n<div class="row"><div class="col-md-4 special_pads"><img class="article_image" src="/images/articles/20140821_davids_letter/1B4E3B25-7B6D-43A7-94ED-18FFDD4ED2EB.jpg" /></div><div class="col-md-4 special_pads"><img class="article_image" src="/images/articles/20140821_davids_letter/6A684412-BBFB-479A-9181-11B17A69DD4A.jpg" /></div><div class="col-md-4 special_pads"><img class="article_image" src="/images/articles/20140821_davids_letter/F0BDD9E5-8D0F-4DF7-97B7-20F5016A8120.jpg" /></div></div>\r\n<div class="row"><div class="col-md-4 left_image"><img class="article_image" src="/images/articles/20140821_davids_letter/Photo_2014-07-30_7_46_38_PM.jpg" /></div><div class="col-md-6"><div class="indent">Another contribution I couldnâ€™t be more thankful for is the partnership with Livestock Canada.</div><div class="indent">This coming year we plan on working with new brands as well as popular ones,Â that will have their products showcased on FoundMissing. I look forward to seeing the likes of Nike, Adidas, Puma, Asics, New Balance, Givenchy, Raf Simons, Sebago, Clarks, and much more, all on our website.</div><div class="indent">FoundMissing is not just a website, itâ€™s a trademark. Do not be surprised if you see collaborations in all other aspects of the entertainment industry.Â  If one were to ask me where do you think FoundMissing is going to be in the next five years, I couldn''t tell you. This is something I want to be done organically. I donâ€™t know how big this can get although I acknowledge the potential.</div><div class="indent">August 21stÂ is the first stepping-stone in showcasing to the world our hard work and passion derived through my love for footwear.</div></div></div>\r\n<div class="row"><div class="col-md-offset-2 col-md-6"><div class="indent">To end this off, I would like to point out that I am grateful for the experience, as I was able to learn so much from every good and bad experience. A lot of the times I say to myself I wish I had started this earlier, but then again I wouldnâ€™t have had the knowledge I have now, back then. In this case, I continue to push on and work with those that support the movement. Iâ€™m thankful for everyone that has contributed to FoundMissing in any shape, size or form because without that input, I probably would have missed something. Letâ€™s grow together and letâ€™s work together. If you have a team and other subordinates around in life, I believe itâ€™s necessary to share and give generously so that they may develop with any goals or conquer any endeavours in life. Weâ€™re on each otherâ€™s team.</div></div><div class="col-md-4 right_image"><img class="article_image" src="/images/articles/20140821_davids_letter/Photo_2014-07-08_7_39_51_PM.jpg" /></div></div><div class="row"><div class="col-md-offset-5 col-md-2 text-center">Thank You,\r\nJames Lee\r\nMike Nguyen\r\nDanica Samuel\r\nSuraj PrashadÂ \r\nDavid Condotta\r\nYao Wang\r\nJamal Burger\r\nDusan SigulinskiÂ \r\nNathalia Allen\r\nGavin Sheppard\r\nErrol OlorvidaÂ \r\nTaimoor Rehman\r\nGiancarlo Falconi\r\nTyrone Edwards\r\nBryan Brock\r\nOliver El-Khatib\r\nSarina Hamamgi\r\nKarla Moy\r\nLauren Ching\r\nRobert Monzon\r\nJason Angeles\r\nFrancis CaracasÂ \r\nKris Zavala\r\nRachelle Sue\r\nJustin SueÂ \r\nYvonne Casals\r\nMegan Ann WilsonÂ \r\nChristina Cheng\r\nKarlon GrantÂ \r\nChris Bone\r\nDaniella Raposo\r\nDaniella EtienneÂ \r\nAbdulla KhatibÂ \r\nShantel Noel\r\nMonica DanquahÂ \r\nTacheiaa Swaby\r\nDiann Desilva</div></div>\r\n\r\n<div class="row"><div class="col-md-12 text-center"><img src="/images/fm-transblack-32.png" /><br />by <span style="font-style:italic">David Bremang</span></div></div>\r\n', '20140821_davids_letter/davids_cover.jpg', 1408639409),
(4, 1408608592, 0, 3, 'Danica Samuel', 'FoundMissing Mobile App', 'foundmissing-mobile-app', 'Launching on August 21st, the FoundMissing application will be a mobile tool allowing our members to have the opportunity to view our rich content on the go.', '<div class="row"><div class="col-md-offset-3 col-md-3 article_caption">â€œLaunching on August 21st, the FoundMissing application will be a mobile tool allowing our members to have the opportunity to view our rich content on the go. <br /><img src="/images/fm-transblack-32.png" /></div></div><div class="row"><div class="col-md-offset-3 col-md-6">\r\nReviews, interviews, editorials, and photography are all accessible through the android app.<div class="indent">We have made the app extremely user friendly and straight forward with features that make the design go hand in hand with mobile performance. In the future we would like the application to be the forefront of FoundMissing visuals.</div>\r\n<div class="article_notes">Designed by James Lee and Developed by Mike Nguyen of FoundMissing.</div></div></div>\r\n<div class="row"><div class="col-s-3 col-md-3 special_pads_small"><img class="article_image" src="/images/articles/20140821_foundmissing_app/Screenshot_2014-08-21-03-20-22.jpg" /></div><div class="col-s-3 col-md-3 special_pads_small"><img class="article_image" src="/images/articles/20140821_foundmissing_app/Screenshot_2014-08-21-03-18-09.jpg" /></div><div class="col-s-3 col-md-3 special_pads_small"><img class="article_image" src="/images/articles/20140821_foundmissing_app/Screenshot_2014-08-21-03-18-36.jpg" /></div><div class="col-s-3 col-md-3 special_pads_small"><img class="article_image" src="/images/articles/20140821_foundmissing_app/Screenshot_2014-08-21-03-18-01.jpg" /></div></div>\r\n<div class="row"><div class="col-s-3 col-md-3 special_pads_small"><img class="article_image" src="/images/articles/20140821_foundmissing_app/Screenshot_2014-08-21-03-19-16.jpg" /></div><div class="col-s-3 col-md-3 special_pads_small"><img class="article_image" src="/images/articles/20140821_foundmissing_app/Screenshot_2014-08-21-03-28-50.jpg" /></div></div>\r\n\r\n<div class="row"><div class="col-md-12 text-center"><img src="/images/fm-transblack-32.png" /><br />by <span style="font-style:italic">Danica Samuel</span></div></div>\r\n', '20140821_foundmissing_app/14175655430_a4c783b1e8_o.jpg', 1408600628),
(5, 1408634335, 0, 4, 'David Bremang', 'Tristan Thompson', 'tristan-thompson', 'Cleveland Caveliers Power Forward, Tristan Thompson stays fresh off and on the court, but most importantly likes to stay comfortable.', '<div class="row"><div class="col-md-offset-3 col-md-3 article_caption">Cleveland Caveliers Power Forward, Tristan Thompson stays fresh off and on the court, but most importantly likes to stay comfortable.<br /><img src="/images/fm-transblack-32.png" /></div></div><div class="row"><div class="col-md-offset-3 col-md-6">\nBorn in Brampton, Ontario, the native gives back to his community by helping out at a Youth Camp.  We caught up with him at Brampton''s Soccer Centre and he tells the FM team about what shoes get him through his long days on his feet.</div></div>\n\n<div class="row"><div class="col-md-12 left_image right_image"><iframe src="//player.vimeo.com/video/103876515" width="100%" height="540px" frameborder="0" webkitallowfullscreen mozallowfullscreen allowfullscreen></iframe> <div class="article_caption_small text-center">On And Off The Court with Tristan Thompson from <a href="http://vimeo.com/foundmissing">FoundMissing</a></div></div></div>\n\n<div class="row"><div class="col-md-12 text-center"><img src="/images/fm-transblack-32.png" /><br />by <span style="font-style:italic">David Bremang</span></div></div>\n', '20140821_tristan_thompson/92B5A44F-7D49-4A1A-A5A3-8D1CAD074FE5.jpg', 1408600652),
(6, 1408639409, 0, 5, 'Christina Cheng', 'Women of Publish Brand: The Takeover', 'women-of-publish-brand-the-takeover', 'Publish Brand, considered "A casual, yet intelligently sophisticated menswear brand, and home of the original Jogger Pants," has recently welcomed the Women''s Joggers series in two models: the "Hanna" and the "Lexie".', '<div class="row"><div class="col-md-offset-3 col-md-3 article_caption">"A casual, yet intelligently sophisticated menswear brand, and home of the original Jogger Pants"<br /><img src="/images/fm-transblack-32.png" /></div></div><div class="row"><div class="col-md-offset-3 col-md-6">\nPublish Brand, considered "A casual, yet intelligently sophisticated menswear brand, and home of the original Jogger Pants," has recently welcomed the Women''s Joggers series in two models: the "Hanna" and the "Lexie". Incorporating menswear with womenswear has never been so easy and seamless. When pairing basics with basics, it''s almost impossible to go wrong. Seeing that Publish Brand''s slogan is "Today for Tomorrow" - it''s a given that you''re guaranteed comfort and quality on a daily basis.</div></div>\n<div class="row"><div class="col-md-6 left_image"><img class="article_image" src="/images/articles/20140821_women_of_publish_brand/001-0277.jpg" /><div class="text-right article_caption_small">Photos courtesy of Nathalia Allen</div></div><div class="col-md-4"><div class="indent">As a 5''2" petite young woman, obsessed with men''s fashion, the good fellas over at Publish Brand sent me a generous package with a mixture of Women''s Joggers and their latest men''s t-shirt collections in various models and sizes. I was told the majority of the shirts would be oversized before receiving the package but they trusted that I''d rock it nonetheless. Having known Publish Brand for two years now, they were certainly correct. Sending me one size up was definitely my style.</div></div></div>\n<div class="row"><div class="col-md-offset-3 col-md-6"><div class="indent">Rocking an oversized men''s tee can be pulled off effortlessly as a female if paired with the right items. In this case, I paired the men''s "Seth" pocket shirt in white with the new "Hanna" Women''s Joggers in olive. This combo. is the epitome of "very cozy" as the "Seth" shirt looks, feels and screamsÂ comfort at its very best with its gauge knit cotton finish. The Women''s Joggers fits to perfection as it tapers down the leg, and the earth tone olive color couldn''t be more perfect and suitable as fall inches closer. As an added umph to the cross between a womenswear and menswear, I added class 574 Nike New Balance kicks in black. Unisex yet simplistic and safe.</div></div></div>\n<div class="row"><div class="col-md-3 special_pads_small"><img class="article_image" src="/images/articles/20140821_women_of_publish_brand/001-0286.jpg" /></div><div class="col-md-3 special_pads_small"><img class="article_image" src="/images/articles/20140821_women_of_publish_brand\\001-0337.jpg" /></div><div class="col-md-3 special_pads_small"><img class="article_image" src="/images/articles/20140821_women_of_publish_brand/001-0347.jpg" /></div><div class="col-md-3 special_pads_small"><img class="article_image" src="/images/articles/20140821_women_of_publish_brand/001-0343.jpg" /></div></div>\n<div class="row"><div class="col-md-offset-2 col-md-4"><div class="indent">What happens if a men''s shirt fits you more like a dress? Heck, rock it as a dress and own it! Just remember to wear short shorts underneath just incase. The simplistic details on Publish Brand''s men''s "Elden" striped tee in navy is superb! Made with a light weight cotton, French terry crew neck cut, side split hem, paneled sleeves and tonal quill embroidery; this shirt is comfortable beyond words and description! Paired with a classic yellow raincoat and galoshes, you''re set for a humid rainy end of summer day. This look also plays as a nautical theme. Timeless to say the least.</div></div><div class="col-md-6 right_image"><img class="article_image" src="/images/articles/20140821_women_of_publish_brand/01-501.jpg" /><div class="article_caption_small">Photos courtesy of Nathalia Allen</div></div></div>\n<div class="row"><div class="col-md-12 left_image right_image"><img class="article_image" src="/images/articles/20140821_women_of_publish_brand/01-502.jpg" /></div></div>\n<div class="row"><div class="col-md-offset-3 col-md-6"><div class="indent">Publish Brand''s "Eben" bucket hat in black, with its tonal 3m gradient square printed pattern couldn''t be paired more perfectly with Thom Browne''s latest SS14 glass mirrored frames in gold. Playing more of a safe yet risquÃ© look, I wore the "Hanna" Women''s Joggers in navy with a black mesh shirt and Nike classic pro sports bar. If this doesn''t scream tomboy street chic, I don''t know what does. This is a perfect mesh (pun intended) of menswear with women''s wear.</div></div></div>\n<div class="row"><div class="col-md-3 special_pads_small"><img class="article_image" src="/images/articles/20140821_women_of_publish_brand/001-0108.jpg" /></div><div class="col-md-3 special_pads_small"><img class="article_image" src="/images/articles/20140821_women_of_publish_brand/001-0402.jpg" /></div><div class="col-md-3 special_pads_small"><img class="article_image" src="/images/articles/20140821_women_of_publish_brand/001-0009.jpg" /></div><div class="col-md-3 special_pads_small"><img class="article_image" src="/images/articles/20140821_women_of_publish_brand/001-0500.jpg" /></div></div>\n<div class="row"><div class="col-md-offset-3 col-md-6"><div class="indent">Incorporating everyday brands that speak to you is key to feeling confident on a daily basis. In this case, this look is basically me in a nutshell. Here goes the rundown... Frames: Thom Browne, shirt: "Seth" by Publish Brand, pants: Women''s Joggers in olive by Publish Brand aÂ rucksack leather backpack by Mifland.</div><div class="indent">Balance is key to life and as a female infatuated with men''s fashion, I''ve found my niche. Let''s just say many guys would be jealous of my closet. Sorry dudes!<div class="text-right">xoxo</div></div></div></div>\n\n<div class="row"><div class="col-md-12 text-center"><img src="/images/fm-transblack-32.png" /><br />by <span style="font-style:italic">Christina Cheng</span></div></div>\n', '20140821_women_of_publish_brand/cover.jpg', 1408600611),
(7, 1408646258, 0, 6, 'Christina Cheng', 'FoundMissing', 'foundmissing', 'FoundMissing is a new, up and coming Toronto-based company whose focus is to build a digital community and platform for men to shop, share and review footwear brands on a large scale that caters to a massive demographic.', '<div class="row"><div class="col-md-offset-3 col-md-3 article_caption">"FoundMissing is a new, up and coming Toronto-based company"<br /><img src="/images/fm-transblack-32.png" /></div></div><div class="row"><div class="col-md-offset-3 col-md-6">\nFoundMissing is a new, up and coming Toronto-based company whose focus is to build a digital community and platform for men to shop, share and review footwear brands on a large scale that caters to a massive demographic. Curated by 23-year-old founder, David Bremang, his mission is to have FoundMissing become an authoritative and trusted voice that essentially fills the void in the urban, athletic, casual,and luxury footwear community driven by an online boutique and reliable editorial markets. FoundMissing looks to improve shopping online by introducing interactions with one another in digital form, whilst building an online community by informing and educating one another with reviews and product knowledge. This ultimately ensures you''re making the right purchases that''s best suitable for your lifestyle needs, whilst connecting with likeminded individuals.</div></div>\n<div class="row"><div class="col-md-offset-2 col-md-4"><div class="indent">Today (August 21), marks the official website and app launch event entitled "Origin". The event takes place from 6-11 p.m. at Hermann & Audrey (1506 Dundas Street West). This event allows guests to have full access to their database, and win prize giveaways! Guests will also gain premiere access to the website, have a chance to download the official mobile app, and search through an extensive database of various men''s footwear brands.</div></div><div class="col-md-6 right_image"><img class="article_image" src="\\images\\articles\\20140821_foundmissing\\123-4764.jpg" /><div class="article_caption_small text-center">Photos courtesy of Jamal "JayScale" Burger </div></div></div>\n<div class="row"><div class="col-md-offset-4 col-md-6"><div class="indent">Furthermore, the event is in partnership with The Remix Project, a charity and arts incubator program developed to benefit unprivileged youth in underserved communities, to have a platform where they can utilize their creativity and gain experience within their fields of interest. By attending "The Origin", guests will be assisting in raising funds for The Remix Project''s annual program, while jamming out to a live DJ set presented by DJ HustleGRL.</div><div class="indent">Although FoundMissing is mainly catered to the male dominant audience, females who are just as in tuned with today''s urban lifestyle benefit from having an appreciation for men''s style as well. Which in turn, allows them to have the upper hand and the advantage with having the best of both worlds when it comes to overall style. Incorporating men''s fashion and lifestyle brands into their own wardrobes has become the norm. Females are now drawing inspiration from men''s fashion and it''s quite liberating to witness it happen so rapidly. For instance, jerseys, loose fit jeans, hats and sneakers are becoming the norm for females to rock. Owning similar items as their boyfriend, brother, or guy friend comes as no surprise. Now guys want to know where the females are shopping! Boy, how the tables have certainly turned!</div></div></div>\n<div class="row"><div class="col-md-6 left_image"><img class="article_image" src="\\images\\articles\\20140821_foundmissing\\123-4761.jpg" /><div class="article_caption_small text-right">Photos courtesy of Jamal "JayScale" Burger </div></div><div class="col-md-4"><div class="indent">Collaborating (and styling) on a shoot with FoundMissing founder, David Bremang showcases how fashion and style is becoming nearly unisex. For instance, Stussy''s "Nylon Stock Jacket" fits fairly tailored and comes in a range of sizes which caters to both male and female. The colorways are also very versatile for either gender. Pairing the jackets with similar Nike FlyKnit colorways in neon and grey, showcases how athletic lifestyle brands are designing male and female versions to one of their most comfortable and well respected sneaker.</div></div></div> \n<div class="row"><div class="col-md-offset-2 col-md-4"><div class="indent">Aside from females and males rocking similar streetwear brands and styles, females are also capable of pulling off male dress shirts in various ways. As a lover of men''s fashion and a lover of supporting local designers and creators,  Sean Brown of NEEDS&WANTS is definitely one of them. Sporting his latest Linen Fishtail button-up in ivory instantly gave me an extra pep in my step. I kid you not! The way the fishtail portion fell effortlessly behind me, tickling the back of my knee each time I walked and flowing behind me with the breeze and momentum of each step felt liberating and empowering. There''s no better feeling than rocking a men''s shirt and owning it as a female.</div></div><div class="col-md-6 right_image"><img class="article_iamge" src="\\images\\articles\\20140821_foundmissing\\123-5741.jpg" /><div class="article_caption_small">Photos courtesy of Jamal "JayScale" Burger </div></div></div>\n<div class="row"><div class="col-md-offset-3 col-md-6"><div class="indent">FoundMissing is without a doubt, an outlet for today''s modern man to discover, share, and purchase men''s footwear brands online with an upgraded experience to remember. Females can most certainly appreciate the aesthetics of the service on the sidelines. Don''t worry ladies, we can also utilize the site to read reviews and stay in the loop of what''s hot and use it as motivation and inspiration for our next outfit. We still rule.</div></div></div>\n\n<div class="row"><div class="col-md-12 left_image right_image"><iframe src="//player.vimeo.com/video/103876429" width="100%" height="540px" frameborder="0" webkitallowfullscreen mozallowfullscreen allowfullscreen></iframe> <div class="article_caption_small text-center">FoundMissing commercial from <a href="http://vimeo.com/foundmissing">FoundMissing</a></div></div></div>\n\n<div class="row"><div class="col-md-12 text-center"><img src="/images/fm-transblack-32.png" /><br />by <span style="font-style:italic">Christina Cheng</span></div></div>', '20140821_foundmissing/14358915141_c8dcfbe4db_o.jpg', 1408600612);

-- --------------------------------------------------------

--
-- Table structure for table `attachments`
--

CREATE TABLE IF NOT EXISTS `attachments` (
  `id` int(11) NOT NULL AUTO_INCREMENT,
  `type` varchar(20) NOT NULL,
  `image_filename` varchar(255) NOT NULL,
  `ordering` int(11) NOT NULL DEFAULT '1',
  `entry_datetime` int(11) NOT NULL,
  `deleted` int(1) NOT NULL DEFAULT '0',
  `title` varchar(255) NOT NULL,
  `caption` text NOT NULL,
  PRIMARY KEY (`id`)
) ENGINE=InnoDB  DEFAULT CHARSET=latin1 AUTO_INCREMENT=667 ;

--
-- Dumping data for table `attachments`
--

INSERT INTO `attachments` (`id`, `type`, `image_filename`, `ordering`, `entry_datetime`, `deleted`, `title`, `caption`) VALUES
(1, 'image', '_LSD7316.jpg', 1, 1408383113, 0, ' CONVERSE FS X MMM 1970''S CT ALL STAR LEATHER / AMBER GLOW', 'Main view'),
(2, 'image', '_LSD7317.jpg', 1, 1408383383, 0, ' CONVERSE FS X MMM 1970''S CT ALL STAR LEATHER / AMBER GLOW', ''),
(3, 'image', '_LSD7318.jpg', 1, 1408383393, 0, ' CONVERSE FS X MMM 1970''S CT ALL STAR LEATHER / AMBER GLOW', ''),
(4, 'image', '_LSD7319.jpg', 1, 1408383405, 0, ' CONVERSE FS X MMM 1970''S CT ALL STAR LEATHER / AMBER GLOW', ''),
(5, 'image', '_LSD7320.jpg', 1, 1408383417, 0, ' CONVERSE FS X MMM 1970''S CT ALL STAR LEATHER / AMBER GLOW', ''),
(6, 'image', '_LSD7321.jpg', 1, 1408383431, 0, ' CONVERSE FS X MMM 1970''S CT ALL STAR LEATHER / AMBER GLOW', ''),
(7, 'image', '_LSD7326.jpg', 1, 1408383442, 0, ' CONVERSE FS X MMM 1970''S CT ALL STAR LEATHER / AMBER GLOW', ''),
(8, 'image', '144755C_CONVERSE_PREMIUM_CHUCK_TAYLOR_ALL_STAR_1970S_VINTAGE_CANVAS_HI_PARCHMENT_1.jpg', 1, 1408384577, 0, 'CONVERSE PREMIUM CHUCK TAYLOR ALL STAR 1970''S VINTAGE CANVAS HI / PARCHMENT', ''),
(9, 'image', '144755C_CONVERSE_PREMIUM_CHUCK_TAYLOR_ALL_STAR_1970S_VINTAGE_CANVAS_HI_PARCHMENT_2.jpg', 1, 1408384591, 0, 'CONVERSE PREMIUM CHUCK TAYLOR ALL STAR 1970''S VINTAGE CANVAS HI / PARCHMENT', ''),
(10, 'image', '144755C_CONVERSE_PREMIUM_CHUCK_TAYLOR_ALL_STAR_1970S_VINTAGE_CANVAS_HI_PARCHMENT_3.jpg', 1, 1408384606, 0, 'CONVERSE PREMIUM CHUCK TAYLOR ALL STAR 1970''S VINTAGE CANVAS HI / PARCHMENT', ''),
(11, 'image', '144755C_CONVERSE_PREMIUM_CHUCK_TAYLOR_ALL_STAR_1970S_VINTAGE_CANVAS_HI_PARCHMENT_4.jpg', 1, 1408384619, 0, 'CONVERSE PREMIUM CHUCK TAYLOR ALL STAR 1970''S VINTAGE CANVAS HI / PARCHMENT', ''),
(12, 'image', '144755C_CONVERSE_PREMIUM_CHUCK_TAYLOR_ALL_STAR_1970S_VINTAGE_CANVAS_HI_PARCHMENT_5.jpg', 1, 1408384634, 0, 'CONVERSE PREMIUM CHUCK TAYLOR ALL STAR 1970''S VINTAGE CANVAS HI / PARCHMENT', ''),
(13, 'image', '144755C_CONVERSE_PREMIUM_CHUCK_TAYLOR_ALL_STAR_1970S_VINTAGE_CANVAS_HI_PARCHMENT_6.jpg', 1, 1408384643, 0, 'CONVERSE PREMIUM CHUCK TAYLOR ALL STAR 1970''S VINTAGE CANVAS HI / PARCHMENT', ''),
(14, 'image', '144757C_CONVERSE_PREMIUM_CHUCK_TAYLOR_ALL_STAR_1970S_VINTAGE_CANVAS_OX_BLACK_1.jpg', 1, 1408384890, 0, 'CONVERSE PREMIUM CHUCK TAYLOR ALL STAR 1970''S VINTAGE CANVAS OX / BLACK', ''),
(15, 'image', '144757C_CONVERSE_PREMIUM_CHUCK_TAYLOR_ALL_STAR_1970S_VINTAGE_CANVAS_OX_BLACK_2.jpg', 1, 1408384902, 0, 'CONVERSE PREMIUM CHUCK TAYLOR ALL STAR 1970''S VINTAGE CANVAS OX / BLACK', ''),
(16, 'image', '144757C_CONVERSE_PREMIUM_CHUCK_TAYLOR_ALL_STAR_1970S_VINTAGE_CANVAS_OX_BLACK_3.jpg', 1, 1408384911, 0, 'CONVERSE PREMIUM CHUCK TAYLOR ALL STAR 1970''S VINTAGE CANVAS OX / BLACK', ''),
(17, 'image', '144757C_CONVERSE_PREMIUM_CHUCK_TAYLOR_ALL_STAR_1970S_VINTAGE_CANVAS_OX_BLACK_4.jpg', 1, 1408384920, 0, 'CONVERSE PREMIUM CHUCK TAYLOR ALL STAR 1970''S VINTAGE CANVAS OX / BLACK', ''),
(18, 'image', '142338C_CONVERSE_PREMIUM_CT_1970S_ALL_STAR_OX_PARCHMENT_1.jpg', 1, 1408386201, 0, 'PREMIUM CT 1970''S ALL STAR OX', ''),
(19, 'image', '142338C_CONVERSE_PREMIUM_CT_1970S_ALL_STAR_OX_PARCHMENT_3.jpg', 1, 1408386217, 0, 'PREMIUM CT 1970''S ALL STAR OX', ''),
(20, 'image', '142338C_CONVERSE_PREMIUM_CT_1970S_ALL_STAR_OX_PARCHMENT_4.jpg', 1, 1408386232, 0, 'PREMIUM CT 1970''S ALL STAR OX', ''),
(21, 'image', '142338C_CONVERSE_PREMIUM_CT_1970S_ALL_STAR_OX_PARCHMENT_5.jpg', 1, 1408386249, 0, 'PREMIUM CT 1970''S ALL STAR OX', ''),
(22, 'image', '142338C_CONVERSE_PREMIUM_CT_1970S_ALL_STAR_OX_PARCHMENT_2.jpg', 1, 1408386315, 0, '142338C_CONVERSE_PREMIUM_CT_1970''S_ALL_STAR_OX_PARCHMENT_2', ''),
(23, 'image', '142338C_CONVERSE_PREMIUM_CT_1970S_ALL_STAR_OX_PARCHMENT_6.jpg', 1, 1408386328, 0, '142338C_CONVERSE_PREMIUM_CT_1970''S_ALL_STAR_OX_PARCHMENT_6', ''),
(24, 'image', 'H406N_1101_ASICS_GEL_LYTE_III_GREY_WHITE_1.jpg', 1, 1408388245, 0, 'ASICS GEL-LYTE III', ''),
(25, 'image', 'H406N_1101_ASICS_GEL_LYTE_III_GREY_WHITE_2.jpg', 1, 1408388256, 0, 'ASICS GEL-LYTE III', ''),
(26, 'image', 'H406N_1101_ASICS_GEL_LYTE_III_GREY_WHITE_3.jpg', 1, 1408388266, 0, 'ASICS GEL-LYTE III', ''),
(27, 'image', 'H406N_1101_ASICS_GEL_LYTE_III_GREY_WHITE_4.jpg', 1, 1408388277, 0, 'ASICS GEL-LYTE III', ''),
(28, 'image', 'H406N_1101_ASICS_GEL_LYTE_III_GREY_WHITE_5.jpg', 1, 1408388290, 0, 'ASICS GEL-LYTE III', ''),
(29, 'image', 'H406N_1101_ASICS_GEL_LYTE_III_GREY_WHITE_6.jpg', 1, 1408388304, 0, 'ASICS GEL-LYTE III', ''),
(30, 'image', 'H406N_1101_ASICS_GEL_LYTE_III_GREY_WHITE_7.jpg', 1, 1408388315, 0, 'ASICS GEL-LYTE III', ''),
(31, 'image', 'H408N_ASICS_GT_II_TAN_DARK_BROWN_1.jpg', 1, 1408388556, 0, 'ASICS GT-II TAN / DARK BROWN', ''),
(32, 'image', 'H408N_ASICS_GT_II_TAN_DARK_BROWN_2.jpg', 1, 1408388568, 0, 'ASICS GT-II TAN / DARK BROWN', ''),
(33, 'image', 'H408N_ASICS_GT_II_TAN_DARK_BROWN_3.jpg', 1, 1408388579, 0, 'ASICS GT-II TAN / DARK BROWN', ''),
(34, 'image', 'H408N_ASICS_GT_II_TAN_DARK_BROWN_4.jpg', 1, 1408388604, 0, 'ASICS GT-II TAN / DARK BROWN', ''),
(35, 'image', 'H408N_ASICS_GT_II_TAN_DARK_BROWN_5.jpg', 1, 1408388616, 0, 'ASICS GT-II TAN / DARK BROWN', ''),
(36, 'image', 'H408N_ASICS_GT_II_TAN_DARK_BROWN_6.jpg', 1, 1408388625, 0, 'ASICS GT-II TAN / DARK BROWN', ''),
(37, 'image', 'H408N_ASICS_GT_II_TAN_DARK_BROWN_7.jpg', 1, 1408388634, 0, 'ASICS GT-II TAN / DARK BROWN', ''),
(38, 'image', '_LSD9477.jpg', 1, 1408388835, 0, 'GT-II Olive', ''),
(39, 'image', '_LSD9478.jpg', 1, 1408388843, 0, 'GT-II Olive', ''),
(40, 'image', '_LSD9479.jpg', 1, 1408388851, 0, 'GT-II Olive', ''),
(41, 'image', '_LSD9480.jpg', 1, 1408388864, 0, 'GT-II Olive', ''),
(42, 'image', '_LSD9482.jpg', 1, 1408388877, 0, 'GT-II Olive', ''),
(43, 'image', '_LSD9483.jpg', 1, 1408388886, 0, 'GT-II Olive', ''),
(44, 'image', '_LSD9484.jpg', 1, 1408388900, 0, 'GT-II Olive', ''),
(45, 'image', '_LSD9485.jpg', 1, 1408389042, 0, 'GT-II Olive', ''),
(46, 'image', '_LSD9486.jpg', 1, 1408389054, 0, 'GT-II Olive', ''),
(47, 'image', 'H44KK9191_ASICS_X_PACKER_SHOES_KAYANO_TRAINER_CHARCOAL_CHARCOAL_1.jpg', 1, 1408389242, 0, 'ASICS_X_PACKE', ''),
(48, 'image', 'H44KK9191_ASICS_X_PACKER_SHOES_KAYANO_TRAINER_CHARCOAL_CHARCOAL_2.jpg', 1, 1408389250, 0, 'ASICS_X_PACKE', ''),
(49, 'image', 'H44KK9191_ASICS_X_PACKER_SHOES_KAYANO_TRAINER_CHARCOAL_CHARCOAL_3.jpg', 1, 1408389259, 0, 'ASICS_X_PACKE', ''),
(50, 'image', 'H44KK9191_ASICS_X_PACKER_SHOES_KAYANO_TRAINER_CHARCOAL_CHARCOAL_4.jpg', 1, 1408389297, 0, 'ASICS_X_PACKE', ''),
(51, 'image', 'H44KK9191_ASICS_X_PACKER_SHOES_KAYANO_TRAINER_CHARCOAL_CHARCOAL_5.jpg', 1, 1408389310, 0, 'ASICS_X_PACKE', ''),
(52, 'image', 'H44KK9191_ASICS_X_PACKER_SHOES_KAYANO_TRAINER_CHARCOAL_CHARCOAL_6.jpg', 1, 1408389320, 0, 'ASICS_X_PACKE', ''),
(53, 'image', 'H44KK3011_ASICS_X_PACKER_SHOES_KAYANO_TRAINER_PURPLE_GREY_1.jpg', 1, 1408389457, 0, 'ASICS X PACKER SHOES KAYANO TRAINER PURPLE / GREY', ''),
(54, 'image', 'H44KK3011_ASICS_X_PACKER_SHOES_KAYANO_TRAINER_PURPLE_GREY_2.jpg', 1, 1408389466, 0, 'ASICS X PACKER SHOES KAYANO TRAINER PURPLE / GREY', ''),
(55, 'image', 'H44KK3011_ASICS_X_PACKER_SHOES_KAYANO_TRAINER_PURPLE_GREY_3.jpg', 1, 1408389474, 0, 'ASICS X PACKER SHOES KAYANO TRAINER PURPLE / GREY', ''),
(56, 'image', 'H44KK3011_ASICS_X_PACKER_SHOES_KAYANO_TRAINER_PURPLE_GREY_4.jpg', 1, 1408389484, 0, 'ASICS X PACKER SHOES KAYANO TRAINER PURPLE / GREY', ''),
(57, 'image', 'H44KK3011_ASICS_X_PACKER_SHOES_KAYANO_TRAINER_PURPLE_GREY_5.jpg', 1, 1408389494, 0, 'ASICS X PACKER SHOES KAYANO TRAINER PURPLE / GREY', ''),
(58, 'image', 'H44KK3011_ASICS_X_PACKER_SHOES_KAYANO_TRAINER_PURPLE_GREY_6.jpg', 1, 1408389502, 0, 'ASICS X PACKER SHOES KAYANO TRAINER PURPLE / GREY', ''),
(59, 'image', 'H415N.9933_ASICS_GEL_LYTE_V_OFF_WHITE_PURPLE_1.jpg', 1, 1408389637, 0, 'ASICS GEL-LYTE V', ''),
(60, 'image', 'H415N.9933_ASICS_GEL_LYTE_V_OFF_WHITE_PURPLE_2.jpg', 1, 1408389647, 0, 'ASICS GEL-LYTE V', ''),
(61, 'image', 'H415N.9933_ASICS_GEL_LYTE_V_OFF_WHITE_PURPLE_3.jpg', 1, 1408389658, 0, 'ASICS GEL-LYTE V', ''),
(62, 'image', 'H415N.9933_ASICS_GEL_LYTE_V_OFF_WHITE_PURPLE_4.jpg', 1, 1408389668, 0, 'ASICS GEL-LYTE V', ''),
(63, 'image', 'H415N.9933_ASICS_GEL_LYTE_V_OFF_WHITE_PURPLE_5.jpg', 1, 1408389686, 0, 'ASICS GEL-LYTE V', ''),
(64, 'image', 'H415N.9933_ASICS_GEL_LYTE_V_OFF_WHITE_PURPLE_6.jpg', 1, 1408389706, 0, 'ASICS GEL-LYTE V', ''),
(65, 'image', 'H415N.9933_ASICS_GEL_LYTE_V_OFF_WHITE_PURPLE_7.jpg', 1, 1408389717, 0, 'ASICS GEL-LYTE V', ''),
(66, 'image', 'H415N.9933_ASICS_GEL_LYTE_V_OFF_WHITE_PURPLE_8.jpg', 1, 1408389729, 0, 'ASICS GEL-LYTE V', ''),
(67, 'image', 'H415N.2301_ASICS_GEL_LYTE_V-RED_WHITE_1.jpg', 1, 1408390018, 0, 'GEL-LYTE V RED / WHITE', ''),
(68, 'image', 'H415N.2301_ASICS_GEL_LYTE_V-RED_WHITE_2.jpg', 1, 1408390028, 0, 'GEL-LYTE V RED / WHITE', ''),
(69, 'image', 'H415N.2301_ASICS_GEL_LYTE_V-RED_WHITE_3.jpg', 1, 1408390037, 0, 'GEL-LYTE V RED / WHITE', ''),
(70, 'image', 'H415N.2301_ASICS_GEL_LYTE_V-RED_WHITE_4.jpg', 1, 1408390047, 0, 'GEL-LYTE V RED / WHITE', ''),
(71, 'image', 'H415N.2301_ASICS_GEL_LYTE_V-RED_WHITE_5.jpg', 1, 1408390060, 0, 'GEL-LYTE V RED / WHITE', ''),
(72, 'image', 'H415N.2301_ASICS_GEL_LYTE_V-RED_WHITE_6.jpg', 1, 1408390071, 0, 'GEL-LYTE V RED / WHITE', ''),
(73, 'image', 'H415N.2301_ASICS_GEL_LYTE_V-RED_WHITE_7.jpg', 1, 1408390085, 0, 'GEL-LYTE V RED / WHITE', ''),
(74, 'image', 'H415N.2301_ASICS_GEL_LYTE_V-RED_WHITE_8.jpg', 1, 1408390097, 0, 'GEL-LYTE V RED / WHITE', ''),
(75, 'image', '_LSD6785.jpg', 1, 1408390258, 0, 'ONITSUKA TIGER X POMPILIO X-CALIBER / BLOTTED BLACK', ''),
(76, 'image', '_LSD6786.jpg', 1, 1408390266, 0, 'ONITSUKA TIGER X POMPILIO X-CALIBER / BLOTTED BLACK', ''),
(77, 'image', '_LSD6787.jpg', 1, 1408390274, 0, 'ONITSUKA TIGER X POMPILIO X-CALIBER / BLOTTED BLACK', ''),
(78, 'image', '_LSD6788.jpg', 1, 1408390284, 0, 'ONITSUKA TIGER X POMPILIO X-CALIBER / BLOTTED BLACK', ''),
(79, 'image', '_LSD6789.jpg', 1, 1408390294, 0, 'ONITSUKA TIGER X POMPILIO X-CALIBER / BLOTTED BLACK', ''),
(80, 'image', '_LSD6791.jpg', 1, 1408390308, 0, 'ONITSUKA TIGER X POMPILIO X-CALIBER / BLOTTED BLACK', ''),
(81, 'image', '_LSD6792.jpg', 1, 1408390330, 0, 'ONITSUKA TIGER X POMPILIO X-CALIBER / BLOTTED BLACK', ''),
(82, 'image', '_LSD6794.jpg', 1, 1408390347, 0, 'ONITSUKA TIGER X POMPILIO X-CALIBER / BLOTTED BLACK', ''),
(83, 'image', '_LSD6795.jpg', 1, 1408390484, 0, 'ONITSUKA TIGER X POMPILIO X-CALIBER / ROSE', ''),
(84, 'image', '_LSD6796.jpg', 1, 1408390493, 0, 'ONITSUKA TIGER X POMPILIO X-CALIBER / ROSE', ''),
(85, 'image', '_LSD6797.jpg', 1, 1408390502, 0, 'ONITSUKA TIGER X POMPILIO X-CALIBER / ROSE', ''),
(86, 'image', '_LSD6798.jpg', 1, 1408390512, 0, 'ONITSUKA TIGER X POMPILIO X-CALIBER / ROSE', ''),
(87, 'image', '_LSD6800.jpg', 1, 1408390530, 0, 'ONITSUKA TIGER X POMPILIO X-CALIBER / ROSE', ''),
(88, 'image', '_LSD6801.jpg', 1, 1408390540, 0, 'ONITSUKA TIGER X POMPILIO X-CALIBER / ROSE', ''),
(89, 'image', '_LSD6802.jpg', 1, 1408390548, 0, 'ONITSUKA TIGER X POMPILIO X-CALIBER / ROSE', ''),
(90, 'image', '_LSD6803.jpg', 1, 1408390561, 0, 'ONITSUKA TIGER X POMPILIO X-CALIBER / ROSE', ''),
(91, 'image', '_LSD6804.jpg', 1, 1408390727, 0, 'ASICS ONITSUKA TIGER X POMPILIO X-CALIBER / SPUTTERING BLACK', ''),
(92, 'image', '_LSD6805.jpg', 1, 1408390738, 0, 'ASICS ONITSUKA TIGER X POMPILIO X-CALIBER / SPUTTERING BLACK', ''),
(93, 'image', '_LSD6806.jpg', 1, 1408390748, 0, 'ASICS ONITSUKA TIGER X POMPILIO X-CALIBER / SPUTTERING BLACK', ''),
(94, 'image', '_LSD6807.jpg', 1, 1408390760, 0, 'ASICS ONITSUKA TIGER X POMPILIO X-CALIBER / SPUTTERING BLACK', ''),
(95, 'image', '_LSD6808.jpg', 1, 1408390770, 0, 'ASICS ONITSUKA TIGER X POMPILIO X-CALIBER / SPUTTERING BLACK', ''),
(96, 'image', '_LSD6809.jpg', 1, 1408390784, 0, 'ASICS ONITSUKA TIGER X POMPILIO X-CALIBER / SPUTTERING BLACK', ''),
(97, 'image', '_LSD6810.jpg', 1, 1408390795, 0, 'ASICS ONITSUKA TIGER X POMPILIO X-CALIBER / SPUTTERING BLACK', ''),
(98, 'image', '_LSD6811.jpg', 1, 1408390927, 0, 'ASICS ONITSUKA TIGER X POMPILIO X-CALIBER PUNCHING / WHITE', ''),
(99, 'image', '_LSD6812.jpg', 1, 1408390934, 0, 'ASICS ONITSUKA TIGER X POMPILIO X-CALIBER PUNCHING / WHITE', ''),
(100, 'image', '_LSD6814.jpg', 1, 1408390942, 0, 'ASICS ONITSUKA TIGER X POMPILIO X-CALIBER PUNCHING / WHITE', ''),
(101, 'image', '_LSD6815.jpg', 1, 1408390952, 0, 'ASICS ONITSUKA TIGER X POMPILIO X-CALIBER PUNCHING / WHITE', ''),
(102, 'image', '_LSD6816.jpg', 1, 1408390962, 0, 'ASICS ONITSUKA TIGER X POMPILIO X-CALIBER PUNCHING / WHITE', ''),
(103, 'image', '_LSD6817.jpg', 1, 1408390971, 0, 'ASICS ONITSUKA TIGER X POMPILIO X-CALIBER PUNCHING / WHITE', ''),
(104, 'image', '_LSD6818.jpg', 1, 1408390980, 0, 'ASICS ONITSUKA TIGER X POMPILIO X-CALIBER PUNCHING / WHITE', ''),
(105, 'image', 'D4H2N_ASICS_ONITSUKA_TIGER_X_POMPILIO_MEXICO_MID_RUNNER_ROSE_1.jpg', 1, 1408391090, 0, 'ASICS ONITSUKA TIGER X POMPILIO MEXICO MID RUNNER / ROSE', ''),
(106, 'image', 'D4H2N_ASICS_ONITSUKA_TIGER_X_POMPILIO_MEXICO_MID_RUNNER_ROSE_2.jpg', 1, 1408391101, 0, 'ASICS ONITSUKA TIGER X POMPILIO MEXICO MID RUNNER / ROSE', ''),
(107, 'image', 'D4H2N_ASICS_ONITSUKA_TIGER_X_POMPILIO_MEXICO_MID_RUNNER_ROSE_3.jpg', 1, 1408391113, 0, 'ASICS ONITSUKA TIGER X POMPILIO MEXICO MID RUNNER / ROSE', ''),
(108, 'image', 'D4H2N_ASICS_ONITSUKA_TIGER_X_POMPILIO_MEXICO_MID_RUNNER_ROSE_4.jpg', 1, 1408391124, 0, 'ASICS ONITSUKA TIGER X POMPILIO MEXICO MID RUNNER / ROSE', ''),
(109, 'image', 'D4H2N_ASICS_ONITSUKA_TIGER_X_POMPILIO_MEXICO_MID_RUNNER_ROSE_5.jpg', 1, 1408391138, 0, 'ASICS ONITSUKA TIGER X POMPILIO MEXICO MID RUNNER / ROSE', ''),
(110, 'image', 'D4H2N_ASICS_ONITSUKA_TIGER_X_POMPILIO_MEXICO_MID_RUNNER_ROSE_6.jpg', 1, 1408391149, 0, 'ASICS ONITSUKA TIGER X POMPILIO MEXICO MID RUNNER / ROSE', ''),
(111, 'image', 'D4H2N_ASICS_ONITSUKA_TIGER_X_POMPILIO_MEXICO_MID_RUNNER_ROSE_7.jpg', 1, 1408391160, 0, 'ASICS ONITSUKA TIGER X POMPILIO MEXICO MID RUNNER / ROSE', ''),
(112, 'image', 'D4H1N_ASICS_ONITSUKA_TIGER_X_POMPILIO_MEXICO_MID_RUNNER_PUNCHING_WHITE_1.jpg', 1, 1408391291, 0, 'ONITSUKA TIGER X POMPILIO MEXICO MID RUNNER PUNCHING / WHITE', ''),
(113, 'image', 'D4H1N_ASICS_ONITSUKA_TIGER_X_POMPILIO_MEXICO_MID_RUNNER_PUNCHING_WHITE_2.jpg', 1, 1408391298, 0, 'ONITSUKA TIGER X POMPILIO MEXICO MID RUNNER PUNCHING / WHITE', ''),
(114, 'image', 'D4H1N_ASICS_ONITSUKA_TIGER_X_POMPILIO_MEXICO_MID_RUNNER_PUNCHING_WHITE_3.jpg', 1, 1408391305, 0, 'ONITSUKA TIGER X POMPILIO MEXICO MID RUNNER PUNCHING / WHITE', ''),
(115, 'image', 'D4H1N_ASICS_ONITSUKA_TIGER_X_POMPILIO_MEXICO_MID_RUNNER_PUNCHING_WHITE_4.jpg', 1, 1408391312, 0, 'ONITSUKA TIGER X POMPILIO MEXICO MID RUNNER PUNCHING / WHITE', ''),
(116, 'image', 'D4H1N_ASICS_ONITSUKA_TIGER_X_POMPILIO_MEXICO_MID_RUNNER_PUNCHING_WHITE_5.jpg', 1, 1408391320, 0, 'ONITSUKA TIGER X POMPILIO MEXICO MID RUNNER PUNCHING / WHITE', ''),
(117, 'image', 'D4H1N_ASICS_ONITSUKA_TIGER_X_POMPILIO_MEXICO_MID_RUNNER_PUNCHING_WHITE_6.jpg', 1, 1408391328, 0, 'ONITSUKA TIGER X POMPILIO MEXICO MID RUNNER PUNCHING / WHITE', ''),
(118, 'image', 'D4H1N_ASICS_ONITSUKA_TIGER_X_POMPILIO_MEXICO_MID_RUNNER_PUNCHING_WHITE_7.jpg', 1, 1408391336, 0, 'ONITSUKA TIGER X POMPILIO MEXICO MID RUNNER PUNCHING / WHITE', ''),
(119, 'image', 'H43BK_8090_ASICS_X_UBIQ_GT_COOL_NIGHT_SHADE_GRAPE_LEAF_1.jpg', 1, 1408391447, 0, 'X UBIQ GT-COOL NIGHT SHADE / GRAPE LEAF', ''),
(120, 'image', 'H43BK_8090_ASICS_X_UBIQ_GT_COOL_NIGHT_SHADE_GRAPE_LEAF_2.jpg', 1, 1408391461, 0, 'X UBIQ GT-COOL NIGHT SHADE / GRAPE LEAF', ''),
(121, 'image', 'H43BK_8090_ASICS_X_UBIQ_GT_COOL_NIGHT_SHADE_GRAPE_LEAF_3.jpg', 1, 1408391471, 0, 'X UBIQ GT-COOL NIGHT SHADE / GRAPE LEAF', ''),
(122, 'image', 'H43BK_8090_ASICS_X_UBIQ_GT_COOL_NIGHT_SHADE_GRAPE_LEAF_5.jpg', 1, 1408391482, 0, 'X UBIQ GT-COOL NIGHT SHADE / GRAPE LEAF', ''),
(123, 'image', 'H43BK_8090_ASICS_X_UBIQ_GT_COOL_NIGHT_SHADE_GRAPE_LEAF_6.jpg', 1, 1408391491, 0, 'X UBIQ GT-COOL NIGHT SHADE / GRAPE LEAF', ''),
(124, 'image', 'H43BK_8090_ASICS_X_UBIQ_GT_COOL_NIGHT_SHADE_GRAPE_LEAF_8.jpg', 1, 1408391579, 0, 'X UBIQ GT-COOL NIGHT SHADE / GRAPE LEAF', ''),
(125, 'image', 'H43BK_8090_ASICS_X_UBIQ_GT_COOL_NIGHT_SHADE_GRAPE_LEAF_9.jpg', 1, 1408391588, 0, 'X UBIQ GT-COOL NIGHT SHADE / GRAPE LEAF', ''),
(126, 'image', '487471070_JORDAN_14_RETRO_THUNDER_BLACK_1.jpg', 1, 1408392501, 0, 'JORDAN 14 RETRO THUNDER / BLACK', ''),
(127, 'image', '487471070_JORDAN_14_RETRO_THUNDER_BLACK_2.jpg', 1, 1408392509, 0, 'JORDAN 14 RETRO THUNDER / BLACK', ''),
(128, 'image', '487471070_JORDAN_14_RETRO_THUNDER_BLACK_3.jpg', 1, 1408392517, 0, 'JORDAN 14 RETRO THUNDER / BLACK', ''),
(129, 'image', '487471070_JORDAN_14_RETRO_THUNDER_BLACK_4.jpg', 1, 1408392529, 0, 'JORDAN 14 RETRO THUNDER / BLACK', ''),
(130, 'image', '487471070_JORDAN_14_RETRO_THUNDER_BLACK_5.jpg', 1, 1408392537, 0, 'JORDAN 14 RETRO THUNDER / BLACK', ''),
(131, 'image', '487471070_JORDAN_14_RETRO_THUNDER_BLACK_6.jpg', 1, 1408392548, 0, 'JORDAN 14 RETRO THUNDER / BLACK', ''),
(132, 'image', '487471070_JORDAN_14_RETRO_THUNDER_BLACK_7.jpg', 1, 1408392565, 0, 'JORDAN 14 RETRO THUNDER / BLACK', ''),
(133, 'image', '487471070_JORDAN_14_RETRO_THUNDER_BLACK_8.jpg', 1, 1408392575, 0, 'JORDAN 14 RETRO THUNDER / BLACK', ''),
(134, 'image', '487471004_JORDAN_14_RETRO_SPORT_BLUE_WOLF_GREY_1.jpg', 1, 1408392817, 0, 'JORDAN 14 RETRO SPORT BLUE / WOLF GREY', ''),
(135, 'image', '487471004_JORDAN_14_RETRO_SPORT_BLUE_WOLF_GREY_2.jpg', 1, 1408392824, 0, 'JORDAN 14 RETRO SPORT BLUE / WOLF GREY', ''),
(136, 'image', '487471004_JORDAN_14_RETRO_SPORT_BLUE_WOLF_GREY_3.jpg', 1, 1408392831, 0, 'JORDAN 14 RETRO SPORT BLUE / WOLF GREY', ''),
(137, 'image', '487471004_JORDAN_14_RETRO_SPORT_BLUE_WOLF_GREY_4.jpg', 1, 1408392839, 0, 'JORDAN 14 RETRO SPORT BLUE / WOLF GREY', ''),
(138, 'image', '487471004_JORDAN_14_RETRO_SPORT_BLUE_WOLF_GREY_5.jpg', 1, 1408392848, 0, 'JORDAN 14 RETRO SPORT BLUE / WOLF GREY', ''),
(139, 'image', '487471004_JORDAN_14_RETRO_SPORT_BLUE_WOLF_GREY_6.jpg', 1, 1408392860, 0, 'JORDAN 14 RETRO SPORT BLUE / WOLF GREY', ''),
(140, 'image', '487471004_JORDAN_14_RETRO_SPORT_BLUE_WOLF_GREY_7.jpg', 1, 1408392868, 0, 'JORDAN 14 RETRO SPORT BLUE / WOLF GREY', ''),
(141, 'image', '656503401_JORDAN_FUTURE_QS_VARSITY_ROYAL_1.jpg', 1, 1408393014, 0, 'JORDAN FUTURE QS / VARSITY ROYAL', ''),
(142, 'image', 'MRT580WT_NEW_BALANCE_JAPAN_EXCLUSIVE_MRT580WT_TEAL_1.jpg', 1, 1408393541, 0, 'NEW BALANCE JAPAN EXCLUSIVE MRT580WT / TEAL', ''),
(143, 'image', 'MRT580WT_NEW_BALANCE_JAPAN_EXCLUSIVE_MRT580WT_TEAL_2.jpg', 1, 1408393550, 0, 'NEW BALANCE JAPAN EXCLUSIVE MRT580WT / TEAL', ''),
(144, 'image', 'MRT580WT_NEW_BALANCE_JAPAN_EXCLUSIVE_MRT580WT_TEAL_3.jpg', 1, 1408393559, 0, 'NEW BALANCE JAPAN EXCLUSIVE MRT580WT / TEAL', ''),
(145, 'image', 'MRT580WT_NEW_BALANCE_JAPAN_EXCLUSIVE_MRT580WT_TEAL_4.jpg', 1, 1408393560, 0, 'NEW BALANCE JAPAN EXCLUSIVE MRT580WT / TEAL', ''),
(146, 'image', 'MRT580WT_NEW_BALANCE_JAPAN_EXCLUSIVE_MRT580WT_TEAL_5.jpg', 1, 1408393569, 0, 'NEW BALANCE JAPAN EXCLUSIVE MRT580WT / TEAL', ''),
(147, 'image', 'MRT580WT_NEW_BALANCE_JAPAN_EXCLUSIVE_MRT580WT_TEAL_6.jpg', 1, 1408393677, 0, 'NEW BALANCE JAPAN EXCLUSIVE MRT580WT / TEAL', ''),
(148, 'image', 'MRT580WT_NEW_BALANCE_JAPAN_EXCLUSIVE_MRT580WT_TEAL_7.jpg', 1, 1408393689, 0, 'NEW BALANCE JAPAN EXCLUSIVE MRT580WT / TEAL', ''),
(149, 'image', 'MRT580WT_NEW_BALANCE_JAPAN_EXCLUSIVE_MRT580WT_TEAL_8.jpg', 1, 1408393698, 0, 'NEW BALANCE JAPAN EXCLUSIVE MRT580WT / TEAL', ''),
(150, 'image', 'MRT580WT_NEW_BALANCE_JAPAN_EXCLUSIVE_MRT580WT_TEAL_9.jpg', 1, 1408393707, 0, 'NEW BALANCE JAPAN EXCLUSIVE MRT580WT / TEAL', ''),
(151, 'image', '_LSD9305.jpg', 1, 1408394045, 0, 'NEW BALANCE 576 CAMO PACK OLIVE / ORANGE', ''),
(152, 'image', '_LSD9307.jpg', 1, 1408394054, 0, 'NEW BALANCE 576 CAMO PACK OLIVE / ORANGE', ''),
(153, 'image', '_LSD9309.jpg', 1, 1408394063, 0, 'NEW BALANCE 576 CAMO PACK OLIVE / ORANGE', ''),
(154, 'image', '_LSD9312.jpg', 1, 1408394071, 0, 'NEW BALANCE 576 CAMO PACK OLIVE / ORANGE', ''),
(155, 'image', '_LSD9313.jpg', 1, 1408394082, 0, 'NEW BALANCE 576 CAMO PACK OLIVE / ORANGE', ''),
(156, 'image', '_LSD9315.jpg', 1, 1408394092, 0, 'NEW BALANCE 576 CAMO PACK OLIVE / ORANGE', ''),
(157, 'image', '_LSD9316.jpg', 1, 1408394101, 0, 'NEW BALANCE 576 CAMO PACK OLIVE / ORANGE', ''),
(158, 'image', '_LSD9317.jpg', 1, 1408394110, 0, 'NEW BALANCE 576 CAMO PACK OLIVE / ORANGE', ''),
(159, 'image', '_LSD9331.jpg', 1, 1408394120, 0, 'NEW BALANCE 576 CAMO PACK OLIVE / ORANGE', ''),
(160, 'image', '_LSD4808.jpg', 1, 1408394489, 0, 'M576ENP THREE PEAKS PACK BEN NEVIS NAVY / TURQUOISE', ''),
(161, 'image', '647781930_NIKE_KD_VI_ALL_STAR_PACK_QS_MULTI_1.jpg', 1, 1408394679, 0, 'KD VI ALL STAR PACK ILLUSION QS', ''),
(162, 'image', '647781930_NIKE_KD_VI_ALL_STAR_PACK_QS_MULTI_2.jpg', 1, 1408394691, 0, 'KD VI ALL STAR PACK ILLUSION QS', ''),
(163, 'image', '647781930_NIKE_KD_VI_ALL_STAR_PACK_QS_MULTI_3.jpg', 1, 1408394702, 0, 'KD VI ALL STAR PACK ILLUSION QS', ''),
(164, 'image', '647781930_NIKE_KD_VI_ALL_STAR_PACK_QS_MULTI_4.jpg', 1, 1408394733, 0, 'KD VI ALL STAR PACK ILLUSION QS', ''),
(165, 'image', '647781930_NIKE_KD_VI_ALL_STAR_PACK_QS_MULTI_5.jpg', 1, 1408394742, 0, 'KD VI ALL STAR PACK ILLUSION QS', ''),
(166, 'image', '647781930_NIKE_KD_VI_ALL_STAR_PACK_QS_MULTI_6.jpg', 1, 1408394751, 0, 'KD VI ALL STAR PACK ILLUSION QS', ''),
(167, 'image', '647781930_NIKE_KD_VI_ALL_STAR_PACK_QS_MULTI_7.jpg', 1, 1408394761, 0, 'KD VI ALL STAR PACK ILLUSION QS', ''),
(168, 'image', '620465701_NIKE_FLYKNIT_LUNAR2_VOLT_1.jpg', 1, 1408394974, 0, 'FLYKNIT LUNAR2 / VOLT', ''),
(169, 'image', '620465701_NIKE_FLYKNIT_LUNAR2_VOLT_2.jpg', 1, 1408394984, 0, 'FLYKNIT LUNAR2 / VOLT', ''),
(170, 'image', '620465701_NIKE_FLYKNIT_LUNAR2_VOLT_3.jpg', 1, 1408394993, 0, 'FLYKNIT LUNAR2 / VOLT', ''),
(171, 'image', '620465701_NIKE_FLYKNIT_LUNAR2_VOLT_4.jpg', 1, 1408395002, 0, 'FLYKNIT LUNAR2 / VOLT', ''),
(172, 'image', '620465701_NIKE_FLYKNIT_LUNAR2_VOLT_5.jpg', 1, 1408395015, 0, 'FLYKNIT LUNAR2 / VOLT', ''),
(173, 'image', '620465701_NIKE_FLYKNIT_LUNAR2_VOLT_6.jpg', 1, 1408395025, 0, 'FLYKNIT LUNAR2 / VOLT', ''),
(174, 'image', '620465701_NIKE_FLYKNIT_LUNAR2_VOLT_7.jpg', 1, 1408395035, 0, 'FLYKNIT LUNAR2 / VOLT', ''),
(175, 'image', '638322901_NIKE_BLAZER_MID_PREMIUM_VINTAGE_CITY_FLORAL_PACK_NYC_QS_MULTI_1.jpg', 1, 1408395210, 0, 'BLAZER MID PREMIUM VINTAGE CITY FLORAL PACK NYC QS', ''),
(176, 'image', '638322901_NIKE_BLAZER_MID_PREMIUM_VINTAGE_CITY_FLORAL_PACK_NYC_QS_MULTI_2.jpg', 1, 1408395218, 0, 'BLAZER MID PREMIUM VINTAGE CITY FLORAL PACK NYC QS', ''),
(177, 'image', '638322901_NIKE_BLAZER_MID_PREMIUM_VINTAGE_CITY_FLORAL_PACK_NYC_QS_MULTI_3.jpg', 1, 1408395226, 0, 'BLAZER MID PREMIUM VINTAGE CITY FLORAL PACK NYC QS', ''),
(178, 'image', '638322901_NIKE_BLAZER_MID_PREMIUM_VINTAGE_CITY_FLORAL_PACK_NYC_QS_MULTI_4.jpg', 1, 1408395245, 0, 'BLAZER MID PREMIUM VINTAGE CITY FLORAL PACK NYC QS', ''),
(179, 'image', '638322901_NIKE_BLAZER_MID_PREMIUM_VINTAGE_CITY_FLORAL_PACK_NYC_QS_MULTI_5.jpg', 1, 1408395254, 0, 'BLAZER MID PREMIUM VINTAGE CITY FLORAL PACK NYC QS', ''),
(180, 'image', '638322901_NIKE_BLAZER_MID_PREMIUM_VINTAGE_CITY_FLORAL_PACK_NYC_QS_MULTI_6.jpg', 1, 1408395264, 0, 'BLAZER MID PREMIUM VINTAGE CITY FLORAL PACK NYC QS', ''),
(181, 'image', '638322901_NIKE_BLAZER_MID_PREMIUM_VINTAGE_CITY_FLORAL_PACK_NYC_QS_MULTI_7.jpg', 1, 1408395273, 0, 'BLAZER MID PREMIUM VINTAGE CITY FLORAL PACK NYC QS', ''),
(182, 'image', '511881190_NIKE_ROSHERUN_SAIL_1.jpg', 1, 1408395441, 0, 'NIKE ROSHERUN / SAIL', ''),
(183, 'image', '511881190_NIKE_ROSHERUN_SAIL_2.jpg', 1, 1408395449, 0, 'NIKE ROSHERUN / SAIL', ''),
(184, 'image', '511881190_NIKE_ROSHERUN_SAIL_3.jpg', 1, 1408395456, 0, 'NIKE ROSHERUN / SAIL', ''),
(185, 'image', '511881190_NIKE_ROSHERUN_SAIL_4.jpg', 1, 1408395465, 0, 'NIKE ROSHERUN / SAIL', ''),
(186, 'image', '511881190_NIKE_ROSHERUN_SAIL_5.jpg', 1, 1408395474, 0, 'NIKE ROSHERUN / SAIL', ''),
(187, 'image', '511881190_NIKE_ROSHERUN_SAIL_6.jpg', 1, 1408395482, 0, 'NIKE ROSHERUN / SAIL', ''),
(188, 'image', '579915002_NIKE_LUNARPRESTO_BLACK_1.jpg', 1, 1408395592, 0, 'Nike LUNARPRESTO', ''),
(189, 'image', '579915002_NIKE_LUNARPRESTO_BLACK_2.jpg', 1, 1408395614, 0, 'Nike LUNARPRESTO', ''),
(190, 'image', '579915002_NIKE_LUNARPRESTO_BLACK_3.jpg', 1, 1408395627, 0, 'Nike LUNARPRESTO', ''),
(191, 'image', '579915002_NIKE_LUNARPRESTO_BLACK_4.jpg', 1, 1408395644, 0, 'Nike LUNARPRESTO', ''),
(192, 'image', '579915002_NIKE_LUNARPRESTO_BLACK_5.jpg', 1, 1408395656, 0, 'Nike LUNARPRESTO', ''),
(193, 'image', '579915002_NIKE_LUNARPRESTO_BLACK_6.jpg', 1, 1408395667, 0, 'Nike LUNARPRESTO', ''),
(194, 'image', '579915002_NIKE_LUNARPRESTO_BLACK_7.jpg', 1, 1408395677, 0, 'Nike LUNARPRESTO', ''),
(195, 'image', '616175003_NIKE_LEBRON_XI_MIAMI_NIGHTS_BLACK_1.jpg', 1, 1408397763, 0, 'LEBRON XI SOUTH BEACH QS / SPORT TURQUOISE', ''),
(196, 'image', '616175003_NIKE_LEBRON_XI_MIAMI_NIGHTS_BLACK_2.jpg', 1, 1408397771, 0, 'LEBRON XI SOUTH BEACH QS / SPORT TURQUOISE', ''),
(197, 'image', '616175003_NIKE_LEBRON_XI_MIAMI_NIGHTS_BLACK_3.jpg', 1, 1408397782, 0, 'LEBRON XI SOUTH BEACH QS / SPORT TURQUOISE', ''),
(198, 'image', '616175003_NIKE_LEBRON_XI_MIAMI_NIGHTS_BLACK_4.jpg', 1, 1408397791, 0, 'LEBRON XI SOUTH BEACH QS / SPORT TURQUOISE', ''),
(199, 'image', '616175003_NIKE_LEBRON_XI_MIAMI_NIGHTS_BLACK_7.jpg', 1, 1408397800, 0, 'LEBRON XI SOUTH BEACH QS / SPORT TURQUOISE', ''),
(200, 'image', '616175003_NIKE_LEBRON_XI_MIAMI_NIGHTS_BLACK_8.jpg', 1, 1408397811, 0, 'LEBRON XI SOUTH BEACH QS / SPORT TURQUOISE', ''),
(201, 'image', '616175003_NIKE_LEBRON_XI_MIAMI_NIGHTS_BLACK_9.jpg', 1, 1408397821, 0, 'LEBRON XI SOUTH BEACH QS / SPORT TURQUOISE', ''),
(202, 'image', '659917016_NIKE_AIR_TECH_CHALLENGE_HYBRID_QS_BLACK_1.jpg', 1, 1408406150, 0, 'AIR TECH CHALLENGE HYBRID QS', ''),
(203, 'image', '659917016_NIKE_AIR_TECH_CHALLENGE_HYBRID_QS_BLACK_2.jpg', 1, 1408406160, 0, 'AIR TECH CHALLENGE HYBRID QS', ''),
(204, 'image', '659917016_NIKE_AIR_TECH_CHALLENGE_HYBRID_QS_BLACK_3.jpg', 1, 1408406170, 0, 'AIR TECH CHALLENGE HYBRID QS', ''),
(205, 'image', '659917016_NIKE_AIR_TECH_CHALLENGE_HYBRID_QS_BLACK_4.jpg', 1, 1408406179, 0, 'AIR TECH CHALLENGE HYBRID QS', ''),
(206, 'image', '659917016_NIKE_AIR_TECH_CHALLENGE_HYBRID_QS_BLACK_5.jpg', 1, 1408406189, 0, 'AIR TECH CHALLENGE HYBRID QS', ''),
(207, 'image', '659917016_NIKE_AIR_TECH_CHALLENGE_HYBRID_QS_BLACK_6.jpg', 1, 1408406199, 0, 'AIR TECH CHALLENGE HYBRID QS', ''),
(208, 'image', '659917016_NIKE_AIR_TECH_CHALLENGE_HYBRID_QS_BLACK_7.jpg', 1, 1408406214, 0, 'AIR TECH CHALLENGE HYBRID QS', ''),
(209, 'image', '659917130_NIKE_AIR_TECH_CHALLENGE_HYBRID_QS_WHITE_1.jpg', 1, 1408406403, 0, 'AIR TECH CHALLENGE HYBRID QS / WHITE', ''),
(210, 'image', '659917130_NIKE_AIR_TECH_CHALLENGE_HYBRID_QS_WHITE_2.jpg', 1, 1408406414, 0, 'AIR TECH CHALLENGE HYBRID QS / WHITE', ''),
(211, 'image', '659917130_NIKE_AIR_TECH_CHALLENGE_HYBRID_QS_WHITE_3.jpg', 1, 1408406425, 0, 'AIR TECH CHALLENGE HYBRID QS / WHITE', ''),
(212, 'image', '659917130_NIKE_AIR_TECH_CHALLENGE_HYBRID_QS_WHITE_4.jpg', 1, 1408406435, 0, 'AIR TECH CHALLENGE HYBRID QS / WHITE', ''),
(213, 'image', '659917130_NIKE_AIR_TECH_CHALLENGE_HYBRID_QS_WHITE_5.jpg', 1, 1408406446, 0, 'AIR TECH CHALLENGE HYBRID QS / WHITE', ''),
(214, 'image', '659917130_NIKE_AIR_TECH_CHALLENGE_HYBRID_QS_WHITE_6.jpg', 1, 1408406457, 0, 'AIR TECH CHALLENGE HYBRID QS / WHITE', ''),
(215, 'image', '659917130_NIKE_AIR_TECH_CHALLENGE_HYBRID_QS_WHITE_7.jpg', 1, 1408406467, 0, 'AIR TECH CHALLENGE HYBRID QS / WHITE', ''),
(216, 'image', '573974100_NIKE_AIR_FORCE_1_LOW_CMFT_PRM_QS_HYPER_PUNCH_WHITE_1.jpg', 1, 1408406840, 0, 'NIKE AIR FORCE 1 LOW CMFT PRM QS HYPER PUNCH / WHITE', ''),
(217, 'image', '573974100_NIKE_AIR_FORCE_1_LOW_CMFT_PRM_QS_HYPER_PUNCH_WHITE_2.jpg', 1, 1408406850, 0, 'NIKE AIR FORCE 1 LOW CMFT PRM QS HYPER PUNCH / WHITE', ''),
(218, 'image', '573974100_NIKE_AIR_FORCE_1_LOW_CMFT_PRM_QS_HYPER_PUNCH_WHITE_3.jpg', 1, 1408406860, 0, 'NIKE AIR FORCE 1 LOW CMFT PRM QS HYPER PUNCH / WHITE', ''),
(219, 'image', '573974100_NIKE_AIR_FORCE_1_LOW_CMFT_PRM_QS_HYPER_PUNCH_WHITE_4.jpg', 1, 1408406869, 0, 'NIKE AIR FORCE 1 LOW CMFT PRM QS HYPER PUNCH / WHITE', ''),
(220, 'image', '573974100_NIKE_AIR_FORCE_1_LOW_CMFT_PRM_QS_HYPER_PUNCH_WHITE_5.jpg', 1, 1408406879, 0, 'NIKE AIR FORCE 1 LOW CMFT PRM QS HYPER PUNCH / WHITE', ''),
(221, 'image', '573974100_NIKE_AIR_FORCE_1_LOW_CMFT_PRM_QS_HYPER_PUNCH_WHITE_6.jpg', 1, 1408406890, 0, 'NIKE AIR FORCE 1 LOW CMFT PRM QS HYPER PUNCH / WHITE', ''),
(222, 'image', '573974100_NIKE_AIR_FORCE_1_LOW_CMFT_PRM_QS_HYPER_PUNCH_WHITE_7.jpg', 1, 1408406901, 0, 'NIKE AIR FORCE 1 LOW CMFT PRM QS HYPER PUNCH / WHITE', ''),
(223, 'image', '638074103_NIKE_AIR_TRAINER_SC_HIGH_PRM_QS_HYPER_PUNCH_WHITE_1.jpg', 1, 1408407251, 0, 'NIKE AIR TRAINER SC HIGH PRM QS HYPER PUNCH / WHITE', ''),
(224, 'image', '638074103_NIKE_AIR_TRAINER_SC_HIGH_PRM_QS_HYPER_PUNCH_WHITE_2.jpg', 1, 1408407265, 0, 'NIKE AIR TRAINER SC HIGH PRM QS HYPER PUNCH / WHITE', ''),
(225, 'image', '638074103_NIKE_AIR_TRAINER_SC_HIGH_PRM_QS_HYPER_PUNCH_WHITE_3.jpg', 1, 1408407278, 0, 'NIKE AIR TRAINER SC HIGH PRM QS HYPER PUNCH / WHITE', ''),
(226, 'image', '638074103_NIKE_AIR_TRAINER_SC_HIGH_PRM_QS_HYPER_PUNCH_WHITE_4.jpg', 1, 1408407292, 0, 'NIKE AIR TRAINER SC HIGH PRM QS HYPER PUNCH / WHITE', ''),
(227, 'image', '638074103_NIKE_AIR_TRAINER_SC_HIGH_PRM_QS_HYPER_PUNCH_WHITE_5.jpg', 1, 1408407302, 0, 'NIKE AIR TRAINER SC HIGH PRM QS HYPER PUNCH / WHITE', ''),
(228, 'image', '638074103_NIKE_AIR_TRAINER_SC_HIGH_PRM_QS_HYPER_PUNCH_WHITE_6.jpg', 1, 1408407313, 0, 'NIKE AIR TRAINER SC HIGH PRM QS HYPER PUNCH / WHITE', ''),
(229, 'image', '638074103_NIKE_AIR_TRAINER_SC_HIGH_PRM_QS_HYPER_PUNCH_WHITE_7.jpg', 1, 1408407323, 0, 'NIKE AIR TRAINER SC HIGH PRM QS HYPER PUNCH / WHITE', ''),
(230, 'image', '637162600_NIKE_AIR_FOOTSCAPE_DESERT_CHUKKA_QS_DEEP_GARNET_1.jpg', 1, 1408407465, 0, 'NIKE AIR FOOTSCAPE DESERT CHUKKA QS / DEEP GARNET', ''),
(231, 'image', '637162600_NIKE_AIR_FOOTSCAPE_DESERT_CHUKKA_QS_DEEP_GARNET_2.jpg', 1, 1408407475, 0, 'NIKE AIR FOOTSCAPE DESERT CHUKKA QS / DEEP GARNET', ''),
(232, 'image', '637162600_NIKE_AIR_FOOTSCAPE_DESERT_CHUKKA_QS_DEEP_GARNET_3.jpg', 1, 1408407485, 0, 'NIKE AIR FOOTSCAPE DESERT CHUKKA QS / DEEP GARNET', ''),
(233, 'image', '637162600_NIKE_AIR_FOOTSCAPE_DESERT_CHUKKA_QS_DEEP_GARNET_4.jpg', 1, 1408407509, 0, 'NIKE AIR FOOTSCAPE DESERT CHUKKA QS / DEEP GARNET', ''),
(234, 'image', '637162600_NIKE_AIR_FOOTSCAPE_DESERT_CHUKKA_QS_DEEP_GARNET_5.jpg', 1, 1408407522, 0, 'NIKE AIR FOOTSCAPE DESERT CHUKKA QS / DEEP GARNET', ''),
(235, 'image', '637162600_NIKE_AIR_FOOTSCAPE_DESERT_CHUKKA_QS_DEEP_GARNET_6.jpg', 1, 1408407534, 0, 'NIKE AIR FOOTSCAPE DESERT CHUKKA QS / DEEP GARNET', ''),
(236, 'image', '637162600_NIKE_AIR_FOOTSCAPE_DESERT_CHUKKA_QS_DEEP_GARNET_7.jpg', 1, 1408407544, 0, 'NIKE AIR FOOTSCAPE DESERT CHUKKA QS / DEEP GARNET', ''),
(237, 'image', '637162600_NIKE_AIR_FOOTSCAPE_DESERT_CHUKKA_QS_DEEP_GARNET_8.jpg', 1, 1408407557, 0, 'NIKE AIR FOOTSCAPE DESERT CHUKKA QS / DEEP GARNET', ''),
(238, 'image', '637162001_NIKE_AIR_FOOTSCAPE_DESERT_CHUKKA_QS_BLACK_1.jpg', 1, 1408407659, 0, 'NIKE AIR FOOTSCAPE DESERT CHUKKA QS / BLACK', ''),
(239, 'image', '637162001_NIKE_AIR_FOOTSCAPE_DESERT_CHUKKA_QS_BLACK_2.jpg', 1, 1408407669, 0, 'NIKE AIR FOOTSCAPE DESERT CHUKKA QS / BLACK', ''),
(240, 'image', '637162001_NIKE_AIR_FOOTSCAPE_DESERT_CHUKKA_QS_BLACK_3.jpg', 1, 1408407679, 0, 'NIKE AIR FOOTSCAPE DESERT CHUKKA QS / BLACK', ''),
(241, 'image', '637162001_NIKE_AIR_FOOTSCAPE_DESERT_CHUKKA_QS_BLACK_4.jpg', 1, 1408407689, 0, 'NIKE AIR FOOTSCAPE DESERT CHUKKA QS / BLACK', ''),
(242, 'image', '637162001_NIKE_AIR_FOOTSCAPE_DESERT_CHUKKA_QS_BLACK_5.jpg', 1, 1408407703, 0, 'NIKE AIR FOOTSCAPE DESERT CHUKKA QS / BLACK', ''),
(243, 'image', '637162001_NIKE_AIR_FOOTSCAPE_DESERT_CHUKKA_QS_BLACK_6.jpg', 1, 1408407715, 0, 'NIKE AIR FOOTSCAPE DESERT CHUKKA QS / BLACK', ''),
(244, 'image', '637162001_NIKE_AIR_FOOTSCAPE_DESERT_CHUKKA_QS_BLACK_6.jpg', 1, 1408407725, 0, 'NIKE AIR FOOTSCAPE DESERT CHUKKA QS / BLACK', ''),
(245, 'image', '649790400_NIKE_AIR_FOOTSCAPE_WOVEN_CHUKKA_YOTH_QS_LIGHT_MIDNIGHT_1.jpg', 1, 1408414719, 0, 'AIR FOOTSCAPE WOVEN CHUKKA YOTH QS LIGHT MIDNIGHT', ''),
(246, 'image', '649790400_NIKE_AIR_FOOTSCAPE_WOVEN_CHUKKA_YOTH_QS_LIGHT_MIDNIGHT_2.jpg', 1, 1408414728, 0, 'AIR FOOTSCAPE WOVEN CHUKKA YOTH QS LIGHT MIDNIGHT', ''),
(247, 'image', '649790400_NIKE_AIR_FOOTSCAPE_WOVEN_CHUKKA_YOTH_QS_LIGHT_MIDNIGHT_3.jpg', 1, 1408414738, 0, 'AIR FOOTSCAPE WOVEN CHUKKA YOTH QS LIGHT MIDNIGHT', ''),
(248, 'image', '649790400_NIKE_AIR_FOOTSCAPE_WOVEN_CHUKKA_YOTH_QS_LIGHT_MIDNIGHT_4.jpg', 1, 1408414748, 0, 'AIR FOOTSCAPE WOVEN CHUKKA YOTH QS LIGHT MIDNIGHT', ''),
(249, 'image', '649790400_NIKE_AIR_FOOTSCAPE_WOVEN_CHUKKA_YOTH_QS_LIGHT_MIDNIGHT_5.jpg', 1, 1408414763, 0, 'AIR FOOTSCAPE WOVEN CHUKKA YOTH QS LIGHT MIDNIGHT', ''),
(250, 'image', '649790400_NIKE_AIR_FOOTSCAPE_WOVEN_CHUKKA_YOTH_QS_LIGHT_MIDNIGHT_7.jpg', 1, 1408414775, 0, 'AIR FOOTSCAPE WOVEN CHUKKA YOTH QS LIGHT MIDNIGHT', ''),
(251, 'image', '649790400_NIKE_AIR_FOOTSCAPE_WOVEN_CHUKKA_YOTH_QS_LIGHT_MIDNIGHT_8.jpg', 1, 1408414785, 0, 'AIR FOOTSCAPE WOVEN CHUKKA YOTH QS LIGHT MIDNIGHT', ''),
(252, '', '669515060_NIKE_AIR_FOOTSCAPE_WOVEN_MTN_CITY_PACK_SHANGHAI_QS_BLACK_1.jpg', 1, 1408422705, 0, 'NIKE AIR FOOTSCAPE WOVEN MTN CITY PACK SHANGHAI QS / BLACK', ''),
(253, '', '669515060_NIKE_AIR_FOOTSCAPE_WOVEN_MTN_CITY_PACK_SHANGHAI_QS_BLACK_2.jpg', 1, 1408422705, 0, 'NIKE AIR FOOTSCAPE WOVEN MTN CITY PACK SHANGHAI QS / BLACK', ''),
(254, '', '669515060_NIKE_AIR_FOOTSCAPE_WOVEN_MTN_CITY_PACK_SHANGHAI_QS_BLACK_7.jpg', 1, 1408422705, 0, 'NIKE AIR FOOTSCAPE WOVEN MTN CITY PACK SHANGHAI QS / BLACK', ''),
(255, '', '669515060_NIKE_AIR_FOOTSCAPE_WOVEN_MTN_CITY_PACK_SHANGHAI_QS_BLACK_8.jpg', 1, 1408422706, 0, 'NIKE AIR FOOTSCAPE WOVEN MTN CITY PACK SHANGHAI QS / BLACK', ''),
(256, '', '656523001_NIKE_AIR_FORCE_1_AC_PREMIUM_NYLON_PACK_QS_BLACK_1.jpg', 1, 1408422879, 0, 'NIKE AIR FORCE 1 AC PREMIUM NYLON PACK QS / BLACK', ''),
(257, '', '656523001_NIKE_AIR_FORCE_1_AC_PREMIUM_NYLON_PACK_QS_BLACK_2.jpg', 1, 1408422879, 0, 'NIKE AIR FORCE 1 AC PREMIUM NYLON PACK QS / BLACK', ''),
(258, '', '656523001_NIKE_AIR_FORCE_1_AC_PREMIUM_NYLON_PACK_QS_BLACK_3.jpg', 1, 1408422879, 0, 'NIKE AIR FORCE 1 AC PREMIUM NYLON PACK QS / BLACK', ''),
(259, '', '656523001_NIKE_AIR_FORCE_1_AC_PREMIUM_NYLON_PACK_QS_BLACK_4.jpg', 1, 1408422880, 0, 'NIKE AIR FORCE 1 AC PREMIUM NYLON PACK QS / BLACK', ''),
(260, '', '656523001_NIKE_AIR_FORCE_1_AC_PREMIUM_NYLON_PACK_QS_BLACK_5.jpg', 1, 1408422880, 0, 'NIKE AIR FORCE 1 AC PREMIUM NYLON PACK QS / BLACK', ''),
(261, '', '656523001_NIKE_AIR_FORCE_1_AC_PREMIUM_NYLON_PACK_QS_BLACK_6.jpg', 1, 1408422880, 0, 'NIKE AIR FORCE 1 AC PREMIUM NYLON PACK QS / BLACK', ''),
(262, '', '656523001_NIKE_AIR_FORCE_1_AC_PREMIUM_NYLON_PACK_QS_BLACK_7.jpg', 1, 1408422880, 0, 'NIKE AIR FORCE 1 AC PREMIUM NYLON PACK QS / BLACK', ''),
(263, '', '656523001_NIKE_AIR_FORCE_1_AC_PREMIUM_NYLON_PACK_QS_BLACK_8.jpg', 1, 1408422880, 0, 'NIKE AIR FORCE 1 AC PREMIUM NYLON PACK QS / BLACK', ''),
(264, '', '656523401_NIKE_AIR_FORCE_1_AC_PREMIUM_NYLON_PACK_QS_MIDNIGHT_NAVY_1.jpg', 1, 1408423017, 0, 'AIR FORCE 1 AC PREMIUM NYLON PACK QS / MIDNIGHT NAVY', ''),
(265, '', '656523401_NIKE_AIR_FORCE_1_AC_PREMIUM_NYLON_PACK_QS_MIDNIGHT_NAVY_2.jpg', 1, 1408423018, 0, 'AIR FORCE 1 AC PREMIUM NYLON PACK QS / MIDNIGHT NAVY', ''),
(266, '', '656523401_NIKE_AIR_FORCE_1_AC_PREMIUM_NYLON_PACK_QS_MIDNIGHT_NAVY_3.jpg', 1, 1408423018, 0, 'AIR FORCE 1 AC PREMIUM NYLON PACK QS / MIDNIGHT NAVY', ''),
(267, '', '656523401_NIKE_AIR_FORCE_1_AC_PREMIUM_NYLON_PACK_QS_MIDNIGHT_NAVY_4.jpg', 1, 1408423018, 0, 'AIR FORCE 1 AC PREMIUM NYLON PACK QS / MIDNIGHT NAVY', ''),
(268, '', '656523401_NIKE_AIR_FORCE_1_AC_PREMIUM_NYLON_PACK_QS_MIDNIGHT_NAVY_5.jpg', 1, 1408423018, 0, 'AIR FORCE 1 AC PREMIUM NYLON PACK QS / MIDNIGHT NAVY', ''),
(269, '', '656523401_NIKE_AIR_FORCE_1_AC_PREMIUM_NYLON_PACK_QS_MIDNIGHT_NAVY_6.jpg', 1, 1408423018, 0, 'AIR FORCE 1 AC PREMIUM NYLON PACK QS / MIDNIGHT NAVY', ''),
(270, '', '656523401_NIKE_AIR_FORCE_1_AC_PREMIUM_NYLON_PACK_QS_MIDNIGHT_NAVY_7.jpg', 1, 1408423018, 0, 'AIR FORCE 1 AC PREMIUM NYLON PACK QS / MIDNIGHT NAVY', ''),
(271, '', '656523401_NIKE_AIR_FORCE_1_AC_PREMIUM_NYLON_PACK_QS_MIDNIGHT_NAVY_8.jpg', 1, 1408423018, 0, 'AIR FORCE 1 AC PREMIUM NYLON PACK QS / MIDNIGHT NAVY', ''),
(272, '', '656523600_NIKE_AIR_FORCE_1_AC_PREMIUM_NYLON_PACK_QS_UNIVERSITY_ RED_1.jpg', 1, 1408423144, 0, 'AIR FORCE 1 AC PREMIUM NYLON PACK QS / UNIVERSITY RED', ''),
(273, '', '656523600_NIKE_AIR_FORCE_1_AC_PREMIUM_NYLON_PACK_QS_UNIVERSITY_ RED_2.jpg', 1, 1408423144, 0, 'AIR FORCE 1 AC PREMIUM NYLON PACK QS / UNIVERSITY RED', ''),
(274, '', '656523600_NIKE_AIR_FORCE_1_AC_PREMIUM_NYLON_PACK_QS_UNIVERSITY_ RED_3.jpg', 1, 1408423144, 0, 'AIR FORCE 1 AC PREMIUM NYLON PACK QS / UNIVERSITY RED', ''),
(275, '', '656523600_NIKE_AIR_FORCE_1_AC_PREMIUM_NYLON_PACK_QS_UNIVERSITY_ RED_4.jpg', 1, 1408423145, 0, 'AIR FORCE 1 AC PREMIUM NYLON PACK QS / UNIVERSITY RED', ''),
(276, '', '656523600_NIKE_AIR_FORCE_1_AC_PREMIUM_NYLON_PACK_QS_UNIVERSITY_ RED_5.jpg', 1, 1408423145, 0, 'AIR FORCE 1 AC PREMIUM NYLON PACK QS / UNIVERSITY RED', ''),
(277, '', '656523600_NIKE_AIR_FORCE_1_AC_PREMIUM_NYLON_PACK_QS_UNIVERSITY_ RED_6.jpg', 1, 1408423145, 0, 'AIR FORCE 1 AC PREMIUM NYLON PACK QS / UNIVERSITY RED', ''),
(278, '', '656523600_NIKE_AIR_FORCE_1_AC_PREMIUM_NYLON_PACK_QS_UNIVERSITY_ RED_7.jpg', 1, 1408423145, 0, 'AIR FORCE 1 AC PREMIUM NYLON PACK QS / UNIVERSITY RED', ''),
(279, '', '656523600_NIKE_AIR_FORCE_1_AC_PREMIUM_NYLON_PACK_QS_UNIVERSITY_ RED_8.jpg', 1, 1408423145, 0, 'AIR FORCE 1 AC PREMIUM NYLON PACK QS / UNIVERSITY RED', ''),
(280, '', '667633001_NIKE_AIR_MAX_1_BREATHE_CITY_PACK_LONDON_QS_GEYSER_GREY_1.jpg', 1, 1408423363, 0, 'NIKE AIR MAX 1 BREATHE CITY PACK LONDON QS / GEYSER GREY', ''),
(281, '', '667633001_NIKE_AIR_MAX_1_BREATHE_CITY_PACK_LONDON_QS_GEYSER_GREY_2.jpg', 1, 1408423364, 0, 'NIKE AIR MAX 1 BREATHE CITY PACK LONDON QS / GEYSER GREY', ''),
(282, '', '667633001_NIKE_AIR_MAX_1_BREATHE_CITY_PACK_LONDON_QS_GEYSER_GREY_3.jpg', 1, 1408423364, 0, 'NIKE AIR MAX 1 BREATHE CITY PACK LONDON QS / GEYSER GREY', ''),
(283, '', '667633001_NIKE_AIR_MAX_1_BREATHE_CITY_PACK_LONDON_QS_GEYSER_GREY_4.jpg', 1, 1408423364, 0, 'NIKE AIR MAX 1 BREATHE CITY PACK LONDON QS / GEYSER GREY', ''),
(284, '', '667633001_NIKE_AIR_MAX_1_BREATHE_CITY_PACK_LONDON_QS_GEYSER_GREY_5.jpg', 1, 1408423364, 0, 'NIKE AIR MAX 1 BREATHE CITY PACK LONDON QS / GEYSER GREY', ''),
(285, '', '667633001_NIKE_AIR_MAX_1_BREATHE_CITY_PACK_LONDON_QS_GEYSER_GREY_6.jpg', 1, 1408423364, 0, 'NIKE AIR MAX 1 BREATHE CITY PACK LONDON QS / GEYSER GREY', ''),
(286, '', '667633001_NIKE_AIR_MAX_1_BREATHE_CITY_PACK_LONDON_QS_GEYSER_GREY_7.jpg', 1, 1408423364, 0, 'NIKE AIR MAX 1 BREATHE CITY PACK LONDON QS / GEYSER GREY', ''),
(287, '', '_LSD5006.jpg', 1, 1408423476, 0, 'AIR MAX 1 FB PREMIUM MERCURIAL PACK QS / ATOMIC VIOLET', ''),
(288, '', '_LSD5007.jpg', 1, 1408423477, 0, 'AIR MAX 1 FB PREMIUM MERCURIAL PACK QS / ATOMIC VIOLET', ''),
(289, '', '_LSD5008.jpg', 1, 1408423477, 0, 'AIR MAX 1 FB PREMIUM MERCURIAL PACK QS / ATOMIC VIOLET', ''),
(290, '', '_LSD5009.jpg', 1, 1408423477, 0, 'AIR MAX 1 FB PREMIUM MERCURIAL PACK QS / ATOMIC VIOLET', ''),
(291, '', '_LSD5010.jpg', 1, 1408423477, 0, 'AIR MAX 1 FB PREMIUM MERCURIAL PACK QS / ATOMIC VIOLET', ''),
(292, '', '_LSD5011.jpg', 1, 1408423477, 0, 'AIR MAX 1 FB PREMIUM MERCURIAL PACK QS / ATOMIC VIOLET', ''),
(293, '', '_LSD5012.jpg', 1, 1408423477, 0, 'AIR MAX 1 FB PREMIUM MERCURIAL PACK QS / ATOMIC VIOLET', ''),
(294, '', '_LSD5041.jpg', 1, 1408423477, 0, 'AIR MAX 1 FB PREMIUM MERCURIAL PACK QS / ATOMIC VIOLET', ''),
(295, '', '_LSD5457.jpg', 1, 1408423622, 0, 'NIKE AIR MAX 1 FB PREMIUM MERCURIAL PACK QS / METALLIC SILVER', ''),
(296, '', '_LSD5460.jpg', 1, 1408423622, 0, 'NIKE AIR MAX 1 FB PREMIUM MERCURIAL PACK QS / METALLIC SILVER', ''),
(297, '', '_LSD5461.jpg', 1, 1408423622, 0, 'NIKE AIR MAX 1 FB PREMIUM MERCURIAL PACK QS / METALLIC SILVER', ''),
(298, '', '_LSD5463.jpg', 1, 1408423622, 0, 'NIKE AIR MAX 1 FB PREMIUM MERCURIAL PACK QS / METALLIC SILVER', ''),
(299, '', '_LSD5464.jpg', 1, 1408423622, 0, 'NIKE AIR MAX 1 FB PREMIUM MERCURIAL PACK QS / METALLIC SILVER', ''),
(300, '', '_LSD5465.jpg', 1, 1408423622, 0, 'NIKE AIR MAX 1 FB PREMIUM MERCURIAL PACK QS / METALLIC SILVER', ''),
(301, '', '665874400_NIKE_AIR_MAX_1_FB_PREMIUM_MERCURIAL_PACK_QS_POLARIZED_BLUE_1.jpg', 1, 1408423746, 0, 'AIR MAX 1 FB PREMIUM MERCURIAL PACK QS / POLARIZED BLUE', ''),
(302, '', '665874400_NIKE_AIR_MAX_1_FB_PREMIUM_MERCURIAL_PACK_QS_POLARIZED_BLUE_2.jpg', 1, 1408423746, 0, 'AIR MAX 1 FB PREMIUM MERCURIAL PACK QS / POLARIZED BLUE', ''),
(303, '', '665874400_NIKE_AIR_MAX_1_FB_PREMIUM_MERCURIAL_PACK_QS_POLARIZED_BLUE_3.jpg', 1, 1408423746, 0, 'AIR MAX 1 FB PREMIUM MERCURIAL PACK QS / POLARIZED BLUE', ''),
(304, '', '665874400_NIKE_AIR_MAX_1_FB_PREMIUM_MERCURIAL_PACK_QS_POLARIZED_BLUE_4.jpg', 1, 1408423746, 0, 'AIR MAX 1 FB PREMIUM MERCURIAL PACK QS / POLARIZED BLUE', ''),
(305, '', '665874400_NIKE_AIR_MAX_1_FB_PREMIUM_MERCURIAL_PACK_QS_POLARIZED_BLUE_5.jpg', 1, 1408423746, 0, 'AIR MAX 1 FB PREMIUM MERCURIAL PACK QS / POLARIZED BLUE', ''),
(306, '', '665874400_NIKE_AIR_MAX_1_FB_PREMIUM_MERCURIAL_PACK_QS_POLARIZED_BLUE_6.jpg', 1, 1408423746, 0, 'AIR MAX 1 FB PREMIUM MERCURIAL PACK QS / POLARIZED BLUE', ''),
(307, '', '665874400_NIKE_AIR_MAX_1_FB_PREMIUM_MERCURIAL_PACK_QS_POLARIZED_BLUE_7.jpg', 1, 1408423746, 0, 'AIR MAX 1 FB PREMIUM MERCURIAL PACK QS / POLARIZED BLUE', ''),
(308, '', '665874700_NIKE_AIR_MAX_1_FB_PREMIUM_MERCURIAL_PACK_QS_VIBRANT_YELLOW_1.jpg', 1, 1408423834, 0, 'AIR MAX 1 FB PREMIUM MERCURIAL PACK QS / VIBRANT YELLOW', ''),
(309, '', '665874700_NIKE_AIR_MAX_1_FB_PREMIUM_MERCURIAL_PACK_QS_VIBRANT_YELLOW_2.jpg', 1, 1408423834, 0, 'AIR MAX 1 FB PREMIUM MERCURIAL PACK QS / VIBRANT YELLOW', ''),
(310, '', '665874700_NIKE_AIR_MAX_1_FB_PREMIUM_MERCURIAL_PACK_QS_VIBRANT_YELLOW_3.jpg', 1, 1408423834, 0, 'AIR MAX 1 FB PREMIUM MERCURIAL PACK QS / VIBRANT YELLOW', ''),
(311, '', '665874700_NIKE_AIR_MAX_1_FB_PREMIUM_MERCURIAL_PACK_QS_VIBRANT_YELLOW_4.jpg', 1, 1408423834, 0, 'AIR MAX 1 FB PREMIUM MERCURIAL PACK QS / VIBRANT YELLOW', ''),
(312, '', '665874700_NIKE_AIR_MAX_1_FB_PREMIUM_MERCURIAL_PACK_QS_VIBRANT_YELLOW_5.jpg', 1, 1408423835, 0, 'AIR MAX 1 FB PREMIUM MERCURIAL PACK QS / VIBRANT YELLOW', ''),
(313, '', '665874700_NIKE_AIR_MAX_1_FB_PREMIUM_MERCURIAL_PACK_QS_VIBRANT_YELLOW_6.jpg', 1, 1408423835, 0, 'AIR MAX 1 FB PREMIUM MERCURIAL PACK QS / VIBRANT YELLOW', ''),
(314, '', '665874700_NIKE_AIR_MAX_1_FB_PREMIUM_MERCURIAL_PACK_QS_VIBRANT_YELLOW_7.jpg', 1, 1408423835, 0, 'AIR MAX 1 FB PREMIUM MERCURIAL PACK QS / VIBRANT YELLOW', ''),
(315, '', '_LSD4420.jpg', 1, 1408423922, 0, 'AIR MAX 1 HYPERFUSE NIGHT TRACK PACK QS / DEEP RED', ''),
(316, '', '_LSD4422.jpg', 1, 1408423922, 0, 'AIR MAX 1 HYPERFUSE NIGHT TRACK PACK QS / DEEP RED', ''),
(317, '', '_LSD4423.jpg', 1, 1408423922, 0, 'AIR MAX 1 HYPERFUSE NIGHT TRACK PACK QS / DEEP RED', ''),
(318, '', '_LSD4425.jpg', 1, 1408423922, 0, 'AIR MAX 1 HYPERFUSE NIGHT TRACK PACK QS / DEEP RED', ''),
(319, '', '_LSD4426.jpg', 1, 1408423923, 0, 'AIR MAX 1 HYPERFUSE NIGHT TRACK PACK QS / DEEP RED', ''),
(320, '', '_LSD4432.jpg', 1, 1408423923, 0, 'AIR MAX 1 HYPERFUSE NIGHT TRACK PACK QS / DEEP RED', ''),
(321, '', '_LSD5475.jpg', 1, 1408424018, 0, 'AIR MAX 1 HYPERFUSE NIGHT TRACK PACK QS / DEEP ROYAL', ''),
(322, '', '_LSD5476.jpg', 1, 1408424018, 0, 'AIR MAX 1 HYPERFUSE NIGHT TRACK PACK QS / DEEP ROYAL', ''),
(323, '', '_LSD5477.jpg', 1, 1408424018, 0, 'AIR MAX 1 HYPERFUSE NIGHT TRACK PACK QS / DEEP ROYAL', ''),
(324, '', '_LSD5478.jpg', 1, 1408424018, 0, 'AIR MAX 1 HYPERFUSE NIGHT TRACK PACK QS / DEEP ROYAL', ''),
(325, '', '_LSD5479.jpg', 1, 1408424018, 0, 'AIR MAX 1 HYPERFUSE NIGHT TRACK PACK QS / DEEP ROYAL', ''),
(326, '', '_LSD5481.jpg', 1, 1408424018, 0, 'AIR MAX 1 HYPERFUSE NIGHT TRACK PACK QS / DEEP ROYAL', ''),
(327, '', '_LSD5482.jpg', 1, 1408424018, 0, 'AIR MAX 1 HYPERFUSE NIGHT TRACK PACK QS / DEEP ROYAL', ''),
(328, '', '_LSD5483.jpg', 1, 1408424018, 0, 'AIR MAX 1 HYPERFUSE NIGHT TRACK PACK QS / DEEP ROYAL', ''),
(329, '', '587921005_NIKE_AIR_MAX_1_LONDON_QS_COOL_GREY_1.jpg', 1, 1408424117, 0, 'AIR MAX 1 LONDON QS / COOL GREY', ''),
(330, '', '587921005_NIKE_AIR_MAX_1_LONDON_QS_COOL_GREY_2.jpg', 1, 1408424118, 0, 'AIR MAX 1 LONDON QS / COOL GREY', ''),
(331, '', '587921005_NIKE_AIR_MAX_1_LONDON_QS_COOL_GREY_3.jpg', 1, 1408424118, 0, 'AIR MAX 1 LONDON QS / COOL GREY', ''),
(332, '', '587921005_NIKE_AIR_MAX_1_LONDON_QS_COOL_GREY_4.jpg', 1, 1408424118, 0, 'AIR MAX 1 LONDON QS / COOL GREY', ''),
(333, '', '587921005_NIKE_AIR_MAX_1_LONDON_QS_COOL_GREY_5.jpg', 1, 1408424118, 0, 'AIR MAX 1 LONDON QS / COOL GREY', ''),
(334, '', '616169300_NIKE_AIR_MAX_1_PRM_SP_QS_ZIG_ZAG_CARGO_KHAKI_1.jpg', 1, 1408424190, 0, 'AIR MAX 1 PRM SP QS ZIG ZAG / CARGO KHAKI', ''),
(335, '', '616169300_NIKE_AIR_MAX_1_PRM_SP_QS_ZIG_ZAG_CARGO_KHAKI_2.jpg', 1, 1408424190, 0, 'AIR MAX 1 PRM SP QS ZIG ZAG / CARGO KHAKI', ''),
(336, '', '616169300_NIKE_AIR_MAX_1_PRM_SP_QS_ZIG_ZAG_CARGO_KHAKI_3.jpg', 1, 1408424190, 0, 'AIR MAX 1 PRM SP QS ZIG ZAG / CARGO KHAKI', ''),
(337, '', '616169300_NIKE_AIR_MAX_1_PRM_SP_QS_ZIG_ZAG_CARGO_KHAKI_4.jpg', 1, 1408424190, 0, 'AIR MAX 1 PRM SP QS ZIG ZAG / CARGO KHAKI', ''),
(338, '', '616169300_NIKE_AIR_MAX_1_PRM_SP_QS_ZIG_ZAG_CARGO_KHAKI_5.jpg', 1, 1408424190, 0, 'AIR MAX 1 PRM SP QS ZIG ZAG / CARGO KHAKI', ''),
(339, '', '616169300_NIKE_AIR_MAX_1_PRM_SP_QS_ZIG_ZAG_CARGO_KHAKI_6.jpg', 1, 1408424190, 0, 'AIR MAX 1 PRM SP QS ZIG ZAG / CARGO KHAKI', ''),
(340, '', '616169300_NIKE_AIR_MAX_1_PRM_SP_QS_ZIG_ZAG_CARGO_KHAKI_7.jpg', 1, 1408424190, 0, 'AIR MAX 1 PRM SP QS ZIG ZAG / CARGO KHAKI', ''),
(341, '', '_LSD2675.jpg', 1, 1408424250, 0, 'NIKE AIR MAX 180 QS SUMMIT WHITE / MAGENTA', ''),
(342, '', '_LSD2676.jpg', 1, 1408424250, 0, 'NIKE AIR MAX 180 QS SUMMIT WHITE / MAGENTA', ''),
(343, '', '_LSD2678.jpg', 1, 1408424250, 0, 'NIKE AIR MAX 180 QS SUMMIT WHITE / MAGENTA', ''),
(344, '', '_LSD2681.jpg', 1, 1408424250, 0, 'NIKE AIR MAX 180 QS SUMMIT WHITE / MAGENTA', ''),
(345, '', '_LSD2687.jpg', 1, 1408424250, 0, 'NIKE AIR MAX 180 QS SUMMIT WHITE / MAGENTA', ''),
(346, '', '626960175_NIKE_AIR_MAX_180_QS_SUMMIT_WHITE_METALLIC_GOLD_1.jpg', 1, 1408424342, 0, 'NIKE AIR MAX 180 QS SUMMIT WHITE / METALLIC GOLD', ''),
(347, '', '626960175_NIKE_AIR_MAX_180_QS_SUMMIT_WHITE_METALLIC_GOLD_2.jpg', 1, 1408424342, 0, 'NIKE AIR MAX 180 QS SUMMIT WHITE / METALLIC GOLD', ''),
(348, '', '626960175_NIKE_AIR_MAX_180_QS_SUMMIT_WHITE_METALLIC_GOLD_3.jpg', 1, 1408424342, 0, 'NIKE AIR MAX 180 QS SUMMIT WHITE / METALLIC GOLD', ''),
(349, '', '626960175_NIKE_AIR_MAX_180_QS_SUMMIT_WHITE_METALLIC_GOLD_4.jpg', 1, 1408424342, 0, 'NIKE AIR MAX 180 QS SUMMIT WHITE / METALLIC GOLD', ''),
(350, '', '626960175_NIKE_AIR_MAX_180_QS_SUMMIT_WHITE_METALLIC_GOLD_5.jpg', 1, 1408424342, 0, 'NIKE AIR MAX 180 QS SUMMIT WHITE / METALLIC GOLD', ''),
(351, '', '626960175_NIKE_AIR_MAX_180_QS_SUMMIT_WHITE_METALLIC_GOLD_6.jpg', 1, 1408424342, 0, 'NIKE AIR MAX 180 QS SUMMIT WHITE / METALLIC GOLD', ''),
(352, '', '626960175_NIKE_AIR_MAX_180_QS_SUMMIT_WHITE_METALLIC_GOLD_7.jpg', 1, 1408424343, 0, 'NIKE AIR MAX 180 QS SUMMIT WHITE / METALLIC GOLD', ''),
(353, '', '626960175_NIKE_AIR_MAX_180_QS_SUMMIT_WHITE_METALLIC_GOLD_8.jpg', 1, 1408424343, 0, 'NIKE AIR MAX 180 QS SUMMIT WHITE / METALLIC GOLD', ''),
(354, '', '667635001_NIKE_AIR_MAX_90_ICE_NEW_YORK_CITY_QS_CLASSIC_STONE_1.jpg', 1, 1408424470, 0, 'NIKE AIR MAX 90 ICE NEW YORK CITY QS / CLASSIC STONE', ''),
(355, '', '667635001_NIKE_AIR_MAX_90_ICE_NEW_YORK_CITY_QS_CLASSIC_STONE_3.jpg', 1, 1408424470, 0, 'NIKE AIR MAX 90 ICE NEW YORK CITY QS / CLASSIC STONE', ''),
(356, '', '667635001_NIKE_AIR_MAX_90_ICE_NEW_YORK_CITY_QS_CLASSIC_STONE_4.jpg', 1, 1408424470, 0, 'NIKE AIR MAX 90 ICE NEW YORK CITY QS / CLASSIC STONE', ''),
(357, '', '667635001_NIKE_AIR_MAX_90_ICE_NEW_YORK_CITY_QS_CLASSIC_STONE_5.jpg', 1, 1408424470, 0, 'NIKE AIR MAX 90 ICE NEW YORK CITY QS / CLASSIC STONE', ''),
(358, '', '667635001_NIKE_AIR_MAX_90_ICE_NEW_YORK_CITY_QS_CLASSIC_STONE_6.jpg', 1, 1408424470, 0, 'NIKE AIR MAX 90 ICE NEW YORK CITY QS / CLASSIC STONE', ''),
(359, '', '667635001_NIKE_AIR_MAX_90_ICE_NEW_YORK_CITY_QS_CLASSIC_STONE_7.jpg', 1, 1408424470, 0, 'NIKE AIR MAX 90 ICE NEW YORK CITY QS / CLASSIC STONE', ''),
(360, '', '667635001_NIKE_AIR_MAX_90_ICE_NEW_YORK_CITY_QS_CLASSIC_STONE_8.jpg', 1, 1408424470, 0, 'NIKE AIR MAX 90 ICE NEW YORK CITY QS / CLASSIC STONE', ''),
(361, '', '667635001_NIKE_AIR_MAX_90_ICE_NEW_YORK_CITY_QS_CLASSIC_STONE_9.jpg', 1, 1408424470, 0, 'NIKE AIR MAX 90 ICE NEW YORK CITY QS / CLASSIC STONE', ''),
(362, '', '586845108_NIKE_AIR_MAX_90_LONDON_QS_WHITE_1.jpg', 1, 1408424559, 0, 'AIR MAX 90 LONDON QS / WHITE', ''),
(363, '', '586845108_NIKE_AIR_MAX_90_LONDON_QS_WHITE_2.jpg', 1, 1408424559, 0, 'AIR MAX 90 LONDON QS / WHITE', ''),
(364, '', '586845108_NIKE_AIR_MAX_90_LONDON_QS_WHITE_3.jpg', 1, 1408424559, 0, 'AIR MAX 90 LONDON QS / WHITE', ''),
(365, '', '586845108_NIKE_AIR_MAX_90_LONDON_QS_WHITE_4.jpg', 1, 1408424559, 0, 'AIR MAX 90 LONDON QS / WHITE', ''),
(366, '', '586845108_NIKE_AIR_MAX_90_LONDON_QS_WHITE_5.jpg', 1, 1408424560, 0, 'AIR MAX 90 LONDON QS / WHITE', ''),
(367, '', '586845108_NIKE_AIR_MAX_90_LONDON_QS_WHITE_6.jpg', 1, 1408424560, 0, 'AIR MAX 90 LONDON QS / WHITE', ''),
(368, '', '586845108_NIKE_AIR_MAX_90_LONDON_QS_WHITE_7.jpg', 1, 1408424560, 0, 'AIR MAX 90 LONDON QS / WHITE', ''),
(369, '', '667637400_NIKE_AIR_MAX_95_CITY_PACK_LONDON_QS_MIDNIGHT_NAVY_1.jpg', 1, 1408424718, 0, 'NIKE AIR MAX 95 CITY PACK LONDON QS / MIDNIGHT NAVY', ''),
(370, '', '667637400_NIKE_AIR_MAX_95_CITY_PACK_LONDON_QS_MIDNIGHT_NAVY_2.jpg', 1, 1408424718, 0, 'NIKE AIR MAX 95 CITY PACK LONDON QS / MIDNIGHT NAVY', ''),
(371, '', '667637400_NIKE_AIR_MAX_95_CITY_PACK_LONDON_QS_MIDNIGHT_NAVY_3.jpg', 1, 1408424718, 0, 'NIKE AIR MAX 95 CITY PACK LONDON QS / MIDNIGHT NAVY', ''),
(372, '', '667637400_NIKE_AIR_MAX_95_CITY_PACK_LONDON_QS_MIDNIGHT_NAVY_4.jpg', 1, 1408424718, 0, 'NIKE AIR MAX 95 CITY PACK LONDON QS / MIDNIGHT NAVY', ''),
(373, '', '667637400_NIKE_AIR_MAX_95_CITY_PACK_LONDON_QS_MIDNIGHT_NAVY_5.jpg', 1, 1408424718, 0, 'NIKE AIR MAX 95 CITY PACK LONDON QS / MIDNIGHT NAVY', ''),
(374, '', '667637400_NIKE_AIR_MAX_95_CITY_PACK_LONDON_QS_MIDNIGHT_NAVY_6.jpg', 1, 1408424718, 0, 'NIKE AIR MAX 95 CITY PACK LONDON QS / MIDNIGHT NAVY', '');
INSERT INTO `attachments` (`id`, `type`, `image_filename`, `ordering`, `entry_datetime`, `deleted`, `title`, `caption`) VALUES
(375, '', '667637400_NIKE_AIR_MAX_95_CITY_PACK_LONDON_QS_MIDNIGHT_NAVY_7.jpg', 1, 1408424718, 0, 'NIKE AIR MAX 95 CITY PACK LONDON QS / MIDNIGHT NAVY', ''),
(376, '', '667637400_NIKE_AIR_MAX_95_CITY_PACK_LONDON_QS_MIDNIGHT_NAVY_8.jpg', 1, 1408424718, 0, 'NIKE AIR MAX 95 CITY PACK LONDON QS / MIDNIGHT NAVY', ''),
(377, '', '634775220_NIKE_AIR_MAX_95_JAPAN_SP_QS_PALE_OLIVE_1.jpg', 1, 1408424817, 0, 'NIKE AIR MAX 95 JAPAN SP QS / PALE OLIVE', ''),
(378, '', '634775220_NIKE_AIR_MAX_95_JAPAN_SP_QS_PALE_OLIVE_2.jpg', 1, 1408424817, 0, 'NIKE AIR MAX 95 JAPAN SP QS / PALE OLIVE', ''),
(379, '', '634775220_NIKE_AIR_MAX_95_JAPAN_SP_QS_PALE_OLIVE_3.jpg', 1, 1408424817, 0, 'NIKE AIR MAX 95 JAPAN SP QS / PALE OLIVE', ''),
(380, '', '634775220_NIKE_AIR_MAX_95_JAPAN_SP_QS_PALE_OLIVE_4.jpg', 1, 1408424817, 0, 'NIKE AIR MAX 95 JAPAN SP QS / PALE OLIVE', ''),
(381, '', '634775220_NIKE_AIR_MAX_95_JAPAN_SP_QS_PALE_OLIVE_5.jpg', 1, 1408424817, 0, 'NIKE AIR MAX 95 JAPAN SP QS / PALE OLIVE', ''),
(382, '', '634775220_NIKE_AIR_MAX_95_JAPAN_SP_QS_PALE_OLIVE_6.jpg', 1, 1408424817, 0, 'NIKE AIR MAX 95 JAPAN SP QS / PALE OLIVE', ''),
(383, '', '634775220_NIKE_AIR_MAX_95_JAPAN_SP_QS_PALE_OLIVE_7.jpg', 1, 1408424817, 0, 'NIKE AIR MAX 95 JAPAN SP QS / PALE OLIVE', ''),
(384, '', '634773220_NIKE_AIR_MAX_95_UK_SP_QS_HEMP_1.jpg', 1, 1408424898, 0, 'AIR MAX 95 UK SP QS / HEMP', ''),
(385, '', '634773220_NIKE_AIR_MAX_95_UK_SP_QS_HEMP_2.jpg', 1, 1408424898, 0, 'AIR MAX 95 UK SP QS / HEMP', ''),
(386, '', '634773220_NIKE_AIR_MAX_95_UK_SP_QS_HEMP_3.jpg', 1, 1408424899, 0, 'AIR MAX 95 UK SP QS / HEMP', ''),
(387, '', '634773220_NIKE_AIR_MAX_95_UK_SP_QS_HEMP_4.jpg', 1, 1408424899, 0, 'AIR MAX 95 UK SP QS / HEMP', ''),
(388, '', '634773220_NIKE_AIR_MAX_95_UK_SP_QS_HEMP_5.jpg', 1, 1408424899, 0, 'AIR MAX 95 UK SP QS / HEMP', ''),
(389, '', '634773220_NIKE_AIR_MAX_95_UK_SP_QS_HEMP_6.jpg', 1, 1408424899, 0, 'AIR MAX 95 UK SP QS / HEMP', ''),
(390, '', '604838001_NIKE_AIR_PEGASUS_83_QS_DARK_GREY_1.jpg', 1, 1408425136, 0, 'NIKE AIR PEGASUS 83 QS / DARK GREY', ''),
(391, '', '604838001_NIKE_AIR_PEGASUS_83_QS_DARK_GREY_2.jpg', 1, 1408425136, 0, 'NIKE AIR PEGASUS 83 QS / DARK GREY', ''),
(392, '', '604838001_NIKE_AIR_PEGASUS_83_QS_DARK_GREY_3.jpg', 1, 1408425136, 0, 'NIKE AIR PEGASUS 83 QS / DARK GREY', ''),
(393, '', '604838001_NIKE_AIR_PEGASUS_83_QS_DARK_GREY_4.jpg', 1, 1408425136, 0, 'NIKE AIR PEGASUS 83 QS / DARK GREY', ''),
(394, '', '604838001_NIKE_AIR_PEGASUS_83_QS_DARK_GREY_5.jpg', 1, 1408425136, 0, 'NIKE AIR PEGASUS 83 QS / DARK GREY', ''),
(395, '', '_LSD2697.JPG', 1, 1408425243, 0, 'AIR PYTHON LUX SP QS / WHITE BROWN', ''),
(396, '', '_LSD2698.JPG', 1, 1408425243, 0, 'AIR PYTHON LUX SP QS / WHITE BROWN', ''),
(397, '', '_LSD2699.JPG', 1, 1408425243, 0, 'AIR PYTHON LUX SP QS / WHITE BROWN', ''),
(398, '', '_LSD2701.JPG', 1, 1408425243, 0, 'AIR PYTHON LUX SP QS / WHITE BROWN', ''),
(399, '', '_LSD2702.JPG', 1, 1408425243, 0, 'AIR PYTHON LUX SP QS / WHITE BROWN', ''),
(400, '', '_LSD2704.JPG', 1, 1408425243, 0, 'AIR PYTHON LUX SP QS / WHITE BROWN', ''),
(401, '', '_LSD9233.jpg', 1, 1408425367, 0, 'NIKE AIR PYTHON LUX SP QS WHITE / METALLIC SILVER', ''),
(402, '', '_LSD9235.jpg', 1, 1408425367, 0, 'NIKE AIR PYTHON LUX SP QS WHITE / METALLIC SILVER', ''),
(403, '', '_LSD9236.jpg', 1, 1408425367, 0, 'NIKE AIR PYTHON LUX SP QS WHITE / METALLIC SILVER', ''),
(404, '', '_LSD9237.jpg', 1, 1408425367, 0, 'NIKE AIR PYTHON LUX SP QS WHITE / METALLIC SILVER', ''),
(405, '', '_LSD9238.jpg', 1, 1408425367, 0, 'NIKE AIR PYTHON LUX SP QS WHITE / METALLIC SILVER', ''),
(406, '', '_LSD9239.jpg', 1, 1408425367, 0, 'NIKE AIR PYTHON LUX SP QS WHITE / METALLIC SILVER', ''),
(407, '', '_LSD9240.jpg', 1, 1408425367, 0, 'NIKE AIR PYTHON LUX SP QS WHITE / METALLIC SILVER', ''),
(408, '', '_LSD9247.jpg', 1, 1408425367, 0, 'NIKE AIR PYTHON LUX SP QS WHITE / METALLIC SILVER', ''),
(409, '', '667444146_NIKE_AIR_TECH_CHALLENGE_II_QS_WHITE_1.jpg', 1, 1408425447, 0, 'NIKE AIR TECH CHALLENGE II QS / WHITE', ''),
(410, '', '667444146_NIKE_AIR_TECH_CHALLENGE_II_QS_WHITE_2.jpg', 1, 1408425447, 0, 'NIKE AIR TECH CHALLENGE II QS / WHITE', ''),
(411, '', '667444146_NIKE_AIR_TECH_CHALLENGE_II_QS_WHITE_3.jpg', 1, 1408425447, 0, 'NIKE AIR TECH CHALLENGE II QS / WHITE', ''),
(412, '', '667444146_NIKE_AIR_TECH_CHALLENGE_II_QS_WHITE_4.jpg', 1, 1408425447, 0, 'NIKE AIR TECH CHALLENGE II QS / WHITE', ''),
(413, '', '667444146_NIKE_AIR_TECH_CHALLENGE_II_QS_WHITE_5.jpg', 1, 1408425447, 0, 'NIKE AIR TECH CHALLENGE II QS / WHITE', ''),
(414, '', '667444146_NIKE_AIR_TECH_CHALLENGE_II_QS_WHITE_6.jpg', 1, 1408425447, 0, 'NIKE AIR TECH CHALLENGE II QS / WHITE', ''),
(415, '', '667444146_NIKE_AIR_TECH_CHALLENGE_II_QS_WHITE_7.jpg', 1, 1408425447, 0, 'NIKE AIR TECH CHALLENGE II QS / WHITE', ''),
(416, '', '607081200_NIKE_AIR_TRAINER_1_MID_PRM_QS_VELVET_BROWN_1.jpg', 1, 1408425543, 0, 'NIKE AIR TRAINER 1 MID PRM QS / VELVET BROWN', ''),
(417, '', '607081200_NIKE_AIR_TRAINER_1_MID_PRM_QS_VELVET_BROWN_2.jpg', 1, 1408425543, 0, 'NIKE AIR TRAINER 1 MID PRM QS / VELVET BROWN', ''),
(418, '', '607081200_NIKE_AIR_TRAINER_1_MID_PRM_QS_VELVET_BROWN_3.jpg', 1, 1408425543, 0, 'NIKE AIR TRAINER 1 MID PRM QS / VELVET BROWN', ''),
(419, '', '607081200_NIKE_AIR_TRAINER_1_MID_PRM_QS_VELVET_BROWN_4.jpg', 1, 1408425543, 0, 'NIKE AIR TRAINER 1 MID PRM QS / VELVET BROWN', ''),
(420, '', '607081200_NIKE_AIR_TRAINER_1_MID_PRM_QS_VELVET_BROWN_5.jpg', 1, 1408425543, 0, 'NIKE AIR TRAINER 1 MID PRM QS / VELVET BROWN', ''),
(421, '', '607081200_NIKE_AIR_TRAINER_1_MID_PRM_QS_VELVET_BROWN_6.jpg', 1, 1408425543, 0, 'NIKE AIR TRAINER 1 MID PRM QS / VELVET BROWN', ''),
(422, '', '607081200_NIKE_AIR_TRAINER_1_MID_PRM_QS_VELVET_BROWN_7.jpg', 1, 1408425543, 0, 'NIKE AIR TRAINER 1 MID PRM QS / VELVET BROWN', ''),
(423, '', '607081200_NIKE_AIR_TRAINER_1_MID_PRM_QS_VELVET_BROWN_8.jpg', 1, 1408425543, 0, 'NIKE AIR TRAINER 1 MID PRM QS / VELVET BROWN', ''),
(424, '', '_LSD8585.jpg', 1, 1408425629, 0, 'NIKE AIR TRAINER 2 PRM QS PERSIAN VIOLET / BLACK', ''),
(425, '', '_LSD8586.jpg', 1, 1408425629, 0, 'NIKE AIR TRAINER 2 PRM QS PERSIAN VIOLET / BLACK', ''),
(426, '', '_LSD8588.jpg', 1, 1408425629, 0, 'NIKE AIR TRAINER 2 PRM QS PERSIAN VIOLET / BLACK', ''),
(427, '', '_LSD8589.jpg', 1, 1408425629, 0, 'NIKE AIR TRAINER 2 PRM QS PERSIAN VIOLET / BLACK', ''),
(428, '', '_LSD8590.jpg', 1, 1408425629, 0, 'NIKE AIR TRAINER 2 PRM QS PERSIAN VIOLET / BLACK', ''),
(429, '', '_LSD8594.jpg', 1, 1408425629, 0, 'NIKE AIR TRAINER 2 PRM QS PERSIAN VIOLET / BLACK', ''),
(430, '', '_LSD8595.jpg', 1, 1408425629, 0, 'NIKE AIR TRAINER 2 PRM QS PERSIAN VIOLET / BLACK', ''),
(431, '', '_LSD8747.jpg', 1, 1408425629, 0, 'NIKE AIR TRAINER 2 PRM QS PERSIAN VIOLET / BLACK', ''),
(432, '', '682933001_NIKE_AIR_TRAINER_III_PREMIUM_BO_KNOWS_HORSE_RACING_QS_DARK_GREY_1.jpg', 1, 1408425807, 0, 'NIKE AIR TRAINER III PREMIUM BO KNOWS HORSE RACING QS / DARK GREY', ''),
(433, '', '682933001_NIKE_AIR_TRAINER_III_PREMIUM_BO_KNOWS_HORSE_RACING_QS_DARK_GREY_2.jpg', 1, 1408425807, 0, 'NIKE AIR TRAINER III PREMIUM BO KNOWS HORSE RACING QS / DARK GREY', ''),
(434, '', '682933001_NIKE_AIR_TRAINER_III_PREMIUM_BO_KNOWS_HORSE_RACING_QS_DARK_GREY_3.jpg', 1, 1408425807, 0, 'NIKE AIR TRAINER III PREMIUM BO KNOWS HORSE RACING QS / DARK GREY', ''),
(435, '', '682933001_NIKE_AIR_TRAINER_III_PREMIUM_BO_KNOWS_HORSE_RACING_QS_DARK_GREY_4.jpg', 1, 1408425807, 0, 'NIKE AIR TRAINER III PREMIUM BO KNOWS HORSE RACING QS / DARK GREY', ''),
(436, '', '682933001_NIKE_AIR_TRAINER_III_PREMIUM_BO_KNOWS_HORSE_RACING_QS_DARK_GREY_5.jpg', 1, 1408425807, 0, 'NIKE AIR TRAINER III PREMIUM BO KNOWS HORSE RACING QS / DARK GREY', ''),
(437, '', '682933001_NIKE_AIR_TRAINER_III_PREMIUM_BO_KNOWS_HORSE_RACING_QS_DARK_GREY_6.jpg', 1, 1408425807, 0, 'NIKE AIR TRAINER III PREMIUM BO KNOWS HORSE RACING QS / DARK GREY', ''),
(438, '', '682933001_NIKE_AIR_TRAINER_III_PREMIUM_BO_KNOWS_HORSE_RACING_QS_DARK_GREY_7.jpg', 1, 1408425807, 0, 'NIKE AIR TRAINER III PREMIUM BO KNOWS HORSE RACING QS / DARK GREY', ''),
(439, '', '599473006_NIKE_BERWUDA_MID_QS_BASE_GREY_LIGHT_CRIMSON_1.jpg', 1, 1408425948, 0, 'NIKE BERWUDA MID QS BASE GREY / LIGHT CRIMSON', ''),
(440, '', '599473006_NIKE_BERWUDA_MID_QS_BASE_GREY_LIGHT_CRIMSON_2.jpg', 1, 1408425949, 0, 'NIKE BERWUDA MID QS BASE GREY / LIGHT CRIMSON', ''),
(441, '', '599473006_NIKE_BERWUDA_MID_QS_BASE_GREY_LIGHT_CRIMSON_3.jpg', 1, 1408425949, 0, 'NIKE BERWUDA MID QS BASE GREY / LIGHT CRIMSON', ''),
(442, '', '599473006_NIKE_BERWUDA_MID_QS_BASE_GREY_LIGHT_CRIMSON_4.jpg', 1, 1408425949, 0, 'NIKE BERWUDA MID QS BASE GREY / LIGHT CRIMSON', ''),
(443, '', '599473006_NIKE_BERWUDA_MID_QS_BASE_GREY_LIGHT_CRIMSON_5.jpg', 1, 1408425949, 0, 'NIKE BERWUDA MID QS BASE GREY / LIGHT CRIMSON', ''),
(444, '', '599473006_NIKE_BERWUDA_MID_QS_BASE_GREY_LIGHT_CRIMSON_6.jpg', 1, 1408425949, 0, 'NIKE BERWUDA MID QS BASE GREY / LIGHT CRIMSON', ''),
(445, '', '599473006_NIKE_BERWUDA_MID_QS_BASE_GREY_LIGHT_CRIMSON_7.jpg', 1, 1408425949, 0, 'NIKE BERWUDA MID QS BASE GREY / LIGHT CRIMSON', ''),
(446, '', '599473006_NIKE_BERWUDA_MID_QS_BASE_GREY_LIGHT_CRIMSON_8.jpg', 1, 1408425949, 0, 'NIKE BERWUDA MID QS BASE GREY / LIGHT CRIMSON', ''),
(447, '', '599473008_NIKE_BERWUDA_MID_QS_BLACK_ATOMIC_ORANGE_1.jpg', 1, 1408426090, 0, 'NIKE BERWUDA MID QS BLACK / ATOMIC ORANGE', ''),
(448, '', '599473008_NIKE_BERWUDA_MID_QS_BLACK_ATOMIC_ORANGE_2.jpg', 1, 1408426090, 0, 'NIKE BERWUDA MID QS BLACK / ATOMIC ORANGE', ''),
(449, '', '599473008_NIKE_BERWUDA_MID_QS_BLACK_ATOMIC_ORANGE_3.jpg', 1, 1408426090, 0, 'NIKE BERWUDA MID QS BLACK / ATOMIC ORANGE', ''),
(450, '', '599473008_NIKE_BERWUDA_MID_QS_BLACK_ATOMIC_ORANGE_4.jpg', 1, 1408426090, 0, 'NIKE BERWUDA MID QS BLACK / ATOMIC ORANGE', ''),
(451, '', '599473008_NIKE_BERWUDA_MID_QS_BLACK_ATOMIC_ORANGE_5.jpg', 1, 1408426090, 0, 'NIKE BERWUDA MID QS BLACK / ATOMIC ORANGE', ''),
(452, '', '599473008_NIKE_BERWUDA_MID_QS_BLACK_ATOMIC_ORANGE_6.jpg', 1, 1408426090, 0, 'NIKE BERWUDA MID QS BLACK / ATOMIC ORANGE', ''),
(453, '', '599473008_NIKE_BERWUDA_MID_QS_BLACK_ATOMIC_ORANGE_7.jpg', 1, 1408426090, 0, 'NIKE BERWUDA MID QS BLACK / ATOMIC ORANGE', ''),
(454, '', '599473008_NIKE_BERWUDA_MID_QS_BLACK_ATOMIC_ORANGE_8.jpg', 1, 1408426090, 0, 'NIKE BERWUDA MID QS BLACK / ATOMIC ORANGE', ''),
(455, '', '638322902_NIKE_BLAZER_MID_PREMIUM_VINTAGE_CITY_FLORAL_PACK_CHICAGO_QS_MULTI_1.jpg', 1, 1408426173, 0, 'BLAZER MID PREMIUM VINTAGE CITY FLORAL PACK CHICAGO QS', ''),
(456, '', '638322902_NIKE_BLAZER_MID_PREMIUM_VINTAGE_CITY_FLORAL_PACK_CHICAGO_QS_MULTI_2.jpg', 1, 1408426173, 0, 'BLAZER MID PREMIUM VINTAGE CITY FLORAL PACK CHICAGO QS', ''),
(457, '', '638322902_NIKE_BLAZER_MID_PREMIUM_VINTAGE_CITY_FLORAL_PACK_CHICAGO_QS_MULTI_3.jpg', 1, 1408426173, 0, 'BLAZER MID PREMIUM VINTAGE CITY FLORAL PACK CHICAGO QS', ''),
(458, '', '638322902_NIKE_BLAZER_MID_PREMIUM_VINTAGE_CITY_FLORAL_PACK_CHICAGO_QS_MULTI_4.jpg', 1, 1408426173, 0, 'BLAZER MID PREMIUM VINTAGE CITY FLORAL PACK CHICAGO QS', ''),
(459, '', '638322902_NIKE_BLAZER_MID_PREMIUM_VINTAGE_CITY_FLORAL_PACK_CHICAGO_QS_MULTI_5.jpg', 1, 1408426174, 0, 'BLAZER MID PREMIUM VINTAGE CITY FLORAL PACK CHICAGO QS', ''),
(460, '', '638322902_NIKE_BLAZER_MID_PREMIUM_VINTAGE_CITY_FLORAL_PACK_CHICAGO_QS_MULTI_6.jpg', 1, 1408426174, 0, 'BLAZER MID PREMIUM VINTAGE CITY FLORAL PACK CHICAGO QS', ''),
(461, '', '638322902_NIKE_BLAZER_MID_PREMIUM_VINTAGE_CITY_FLORAL_PACK_CHICAGO_QS_MULTI_7.jpg', 1, 1408426174, 0, 'BLAZER MID PREMIUM VINTAGE CITY FLORAL PACK CHICAGO QS', ''),
(462, '', '638322900_NIKE_BLAZER_MID_PREMIUM_VINTAGE_CITY_FLORAL_PACK_LA_QS_MULTI_1.jpg', 1, 1408426329, 0, 'BLAZER MID PREMIUM VINTAGE CITY FLORAL PACK LA QS', ''),
(463, '', '638322900_NIKE_BLAZER_MID_PREMIUM_VINTAGE_CITY_FLORAL_PACK_LA_QS_MULTI_2.jpg', 1, 1408426329, 0, 'BLAZER MID PREMIUM VINTAGE CITY FLORAL PACK LA QS', ''),
(464, '', '638322900_NIKE_BLAZER_MID_PREMIUM_VINTAGE_CITY_FLORAL_PACK_LA_QS_MULTI_3.jpg', 1, 1408426329, 0, 'BLAZER MID PREMIUM VINTAGE CITY FLORAL PACK LA QS', ''),
(465, '', '638322900_NIKE_BLAZER_MID_PREMIUM_VINTAGE_CITY_FLORAL_PACK_LA_QS_MULTI_4.jpg', 1, 1408426329, 0, 'BLAZER MID PREMIUM VINTAGE CITY FLORAL PACK LA QS', ''),
(466, '', '638322900_NIKE_BLAZER_MID_PREMIUM_VINTAGE_CITY_FLORAL_PACK_LA_QS_MULTI_5.jpg', 1, 1408426329, 0, 'BLAZER MID PREMIUM VINTAGE CITY FLORAL PACK LA QS', ''),
(467, '', '638322900_NIKE_BLAZER_MID_PREMIUM_VINTAGE_CITY_FLORAL_PACK_LA_QS_MULTI_6.jpg', 1, 1408426329, 0, 'BLAZER MID PREMIUM VINTAGE CITY FLORAL PACK LA QS', ''),
(468, '', '638322900_NIKE_BLAZER_MID_PREMIUM_VINTAGE_CITY_FLORAL_PACK_LA_QS_MULTI_7.jpg', 1, 1408426329, 0, 'BLAZER MID PREMIUM VINTAGE CITY FLORAL PACK LA QS', ''),
(469, '', '621328010_NIKE_CORTEZ_NM_QS_BLACK_1.jpg', 1, 1408426417, 0, 'NIKE CORTEZ NM QS / BLACK', ''),
(470, '', '621328010_NIKE_CORTEZ_NM_QS_BLACK_2.jpg', 1, 1408426417, 0, 'NIKE CORTEZ NM QS / BLACK', ''),
(471, '', '621328010_NIKE_CORTEZ_NM_QS_BLACK_3.jpg', 1, 1408426417, 0, 'NIKE CORTEZ NM QS / BLACK', ''),
(472, '', '621328010_NIKE_CORTEZ_NM_QS_BLACK_4.jpg', 1, 1408426417, 0, 'NIKE CORTEZ NM QS / BLACK', ''),
(473, '', '621328010_NIKE_CORTEZ_NM_QS_BLACK_5.jpg', 1, 1408426417, 0, 'NIKE CORTEZ NM QS / BLACK', ''),
(474, '', '621328010_NIKE_CORTEZ_NM_QS_BLACK_6.jpg', 1, 1408426417, 0, 'NIKE CORTEZ NM QS / BLACK', ''),
(475, '', '621328010_NIKE_CORTEZ_NM_QS_BLACK_7.jpg', 1, 1408426417, 0, 'NIKE CORTEZ NM QS / BLACK', ''),
(476, '', '_LSD4993.jpg', 1, 1408426500, 0, 'NIKE FREE RUN 2 SNEAKERBOOT QS / BARKROOT BROWN', ''),
(477, '', '_LSD4994.jpg', 1, 1408426500, 0, 'NIKE FREE RUN 2 SNEAKERBOOT QS / BARKROOT BROWN', ''),
(478, '', '_LSD4995.jpg', 1, 1408426500, 0, 'NIKE FREE RUN 2 SNEAKERBOOT QS / BARKROOT BROWN', ''),
(479, '', '_LSD4997.jpg', 1, 1408426500, 0, 'NIKE FREE RUN 2 SNEAKERBOOT QS / BARKROOT BROWN', ''),
(480, '', '_LSD4998.jpg', 1, 1408426500, 0, 'NIKE FREE RUN 2 SNEAKERBOOT QS / BARKROOT BROWN', ''),
(481, '', '_LSD5000.jpg', 1, 1408426500, 0, 'NIKE FREE RUN 2 SNEAKERBOOT QS / BARKROOT BROWN', ''),
(482, '', '_LSD5001.jpg', 1, 1408426500, 0, 'NIKE FREE RUN 2 SNEAKERBOOT QS / BARKROOT BROWN', ''),
(483, '', '_LSD5003.jpg', 1, 1408426500, 0, 'NIKE FREE RUN 2 SNEAKERBOOT QS / BARKROOT BROWN', ''),
(484, '', '653640078_NIKE_HYPERDUNK_2014_CHICAGO_QS_DARK_GREY_HYPER_CRIMSON_1.jpg', 1, 1408426586, 0, 'HYPERDUNK 2014 CHICAGO QS DARK GREY / HYPER CRIMSON', ''),
(485, '', '653640078_NIKE_HYPERDUNK_2014_CHICAGO_QS_DARK_GREY_HYPER_CRIMSON_2.jpg', 1, 1408426586, 0, 'HYPERDUNK 2014 CHICAGO QS DARK GREY / HYPER CRIMSON', ''),
(486, '', '653640078_NIKE_HYPERDUNK_2014_CHICAGO_QS_DARK_GREY_HYPER_CRIMSON_3.jpg', 1, 1408426586, 0, 'HYPERDUNK 2014 CHICAGO QS DARK GREY / HYPER CRIMSON', ''),
(487, '', '653640078_NIKE_HYPERDUNK_2014_CHICAGO_QS_DARK_GREY_HYPER_CRIMSON_4.jpg', 1, 1408426586, 0, 'HYPERDUNK 2014 CHICAGO QS DARK GREY / HYPER CRIMSON', ''),
(488, '', '706503073_NIKE_HYPERDUNK_2014_LOW_DC_QS_DARK_GREY_HYPER_TURQUOISE_1.jpg', 1, 1408426679, 0, 'NIKE HYPERDUNK 2014 LOW DC QS DARK GREY / HYPER TURQUOISE', ''),
(489, '', '706503073_NIKE_HYPERDUNK_2014_LOW_DC_QS_DARK_GREY_HYPER_TURQUOISE_2.jpg', 1, 1408426679, 0, 'NIKE HYPERDUNK 2014 LOW DC QS DARK GREY / HYPER TURQUOISE', ''),
(490, '', '706503073_NIKE_HYPERDUNK_2014_LOW_DC_QS_DARK_GREY_HYPER_TURQUOISE_3.jpg', 1, 1408426679, 0, 'NIKE HYPERDUNK 2014 LOW DC QS DARK GREY / HYPER TURQUOISE', ''),
(491, '', '706503073_NIKE_HYPERDUNK_2014_LOW_DC_QS_DARK_GREY_HYPER_TURQUOISE_4.jpg', 1, 1408426679, 0, 'NIKE HYPERDUNK 2014 LOW DC QS DARK GREY / HYPER TURQUOISE', ''),
(492, '', '706503076_NIKE_HYPERDUNK_2014_LOW_LA_QS_DARK_GREY_HYPER_PUNCH_1.jpg', 1, 1408426803, 0, 'HYPERDUNK 2014 LOW LA QS DARK GREY / HYPER PUNCH', ''),
(493, '', '706503076_NIKE_HYPERDUNK_2014_LOW_LA_QS_DARK_GREY_HYPER_PUNCH_2.jpg', 1, 1408426803, 0, 'HYPERDUNK 2014 LOW LA QS DARK GREY / HYPER PUNCH', ''),
(494, '', '706503076_NIKE_HYPERDUNK_2014_LOW_LA_QS_DARK_GREY_HYPER_PUNCH_3.jpg', 1, 1408426803, 0, 'HYPERDUNK 2014 LOW LA QS DARK GREY / HYPER PUNCH', ''),
(495, '', '706503076_NIKE_HYPERDUNK_2014_LOW_LA_QS_DARK_GREY_HYPER_PUNCH_4.jpg', 1, 1408426803, 0, 'HYPERDUNK 2014 LOW LA QS DARK GREY / HYPER PUNCH', ''),
(496, '', '706503076_NIKE_HYPERDUNK_2014_LOW_LA_QS_DARK_GREY_HYPER_PUNCH_5.jpg', 1, 1408426803, 0, 'HYPERDUNK 2014 LOW LA QS DARK GREY / HYPER PUNCH', ''),
(497, '', '706503076_NIKE_HYPERDUNK_2014_LOW_LA_QS_DARK_GREY_HYPER_PUNCH_6.jpg', 1, 1408426803, 0, 'HYPERDUNK 2014 LOW LA QS DARK GREY / HYPER PUNCH', ''),
(498, '', '706503076_NIKE_HYPERDUNK_2014_LOW_LA_QS_DARK_GREY_HYPER_PUNCH_7.jpg', 1, 1408426803, 0, 'HYPERDUNK 2014 LOW LA QS DARK GREY / HYPER PUNCH', ''),
(499, '', '653640070_NIKE_HYPERDUNK_2014_LOW_NYC_QS_DARK_GREY_DARK_GREY_1.jpg', 1, 1408426876, 0, 'HYPERDUNK 2014 LOW NYC QS DARK GREY / DARK GREY', ''),
(500, '', '653640070_NIKE_HYPERDUNK_2014_LOW_NYC_QS_DARK_GREY_DARK_GREY_2.jpg', 1, 1408426876, 0, 'HYPERDUNK 2014 LOW NYC QS DARK GREY / DARK GREY', ''),
(501, '', '653640070_NIKE_HYPERDUNK_2014_LOW_NYC_QS_DARK_GREY_DARK_GREY_3.jpg', 1, 1408426876, 0, 'HYPERDUNK 2014 LOW NYC QS DARK GREY / DARK GREY', ''),
(502, '', '653640070_NIKE_HYPERDUNK_2014_LOW_NYC_QS_DARK_GREY_DARK_GREY_4.jpg', 1, 1408426876, 0, 'HYPERDUNK 2014 LOW NYC QS DARK GREY / DARK GREY', ''),
(503, '', '653640070_NIKE_HYPERDUNK_2014_LOW_NYC_QS_DARK_GREY_DARK_GREY_5.jpg', 1, 1408426876, 0, 'HYPERDUNK 2014 LOW NYC QS DARK GREY / DARK GREY', ''),
(504, 'image', '639654674_NIKE_KOBE_8_SYSTEM_YOTH_LIGHT_CRIMSON_1.jpg', 1, 1408427165, 0, 'NIKE KOBE 8 SYSTEM YOTH / LIGHT CRIMSON', ''),
(505, '', '531369330_NIKE_LUNARACER_SFB_BOOT_QS_DARK_ARMY_1.jpg', 1, 1408427262, 0, 'LUNARACER SFB BOOT QS / DARK ARMY', ''),
(506, '', '531369330_NIKE_LUNARACER_SFB_BOOT_QS_DARK_ARMY_2.jpg', 1, 1408427262, 0, 'LUNARACER SFB BOOT QS / DARK ARMY', ''),
(507, '', '531369330_NIKE_LUNARACER_SFB_BOOT_QS_DARK_ARMY_3.jpg', 1, 1408427262, 0, 'LUNARACER SFB BOOT QS / DARK ARMY', ''),
(508, '', '531369330_NIKE_LUNARACER_SFB_BOOT_QS_DARK_ARMY_4.jpg', 1, 1408427262, 0, 'LUNARACER SFB BOOT QS / DARK ARMY', ''),
(509, '', '531369330_NIKE_LUNARACER_SFB_BOOT_QS_DARK_ARMY_5.jpg', 1, 1408427262, 0, 'LUNARACER SFB BOOT QS / DARK ARMY', ''),
(510, '', '667639001_NIKE_LUNARFLY_306_CITY_PACK_SHANGHAI_QS_PURE_PLATINUM_1.jpg', 1, 1408427436, 0, 'NIKE LUNARFLY 306 CITY PACK SHANGHAI QS / PURE PLATINUM', ''),
(511, '', '667639001_NIKE_LUNARFLY_306_CITY_PACK_SHANGHAI_QS_PURE_PLATINUM_2.jpg', 1, 1408427436, 0, 'NIKE LUNARFLY 306 CITY PACK SHANGHAI QS / PURE PLATINUM', ''),
(512, '', '667639001_NIKE_LUNARFLY_306_CITY_PACK_SHANGHAI_QS_PURE_PLATINUM_3.jpg', 1, 1408427436, 0, 'NIKE LUNARFLY 306 CITY PACK SHANGHAI QS / PURE PLATINUM', ''),
(513, '', '667639001_NIKE_LUNARFLY_306_CITY_PACK_SHANGHAI_QS_PURE_PLATINUM_5.jpg', 1, 1408427436, 0, 'NIKE LUNARFLY 306 CITY PACK SHANGHAI QS / PURE PLATINUM', ''),
(514, '', '667639001_NIKE_LUNARFLY_306_CITY_PACK_SHANGHAI_QS_PURE_PLATINUM_6.jpg', 1, 1408427436, 0, 'NIKE LUNARFLY 306 CITY PACK SHANGHAI QS / PURE PLATINUM', ''),
(515, '', '633054200_NIKE_ROSHE_RUN_MARBLE_PACK_QS_BAMBOO_1.jpg', 1, 1408427503, 0, 'ROSHE RUN MARBLE PACK QS / BAMBOO', ''),
(516, '', '633054200_NIKE_ROSHE_RUN_MARBLE_PACK_QS_BAMBOO_2.jpg', 1, 1408427503, 0, 'ROSHE RUN MARBLE PACK QS / BAMBOO', ''),
(517, '', '616325841_NIKE_ROSHE_RUN_VENT_PACK_QS_CRIMSON_1.jpg', 1, 1408427584, 0, ' ROSHE RUN VENT PACK QS / CRIMSON', ''),
(518, '', '616325841_NIKE_ROSHE_RUN_VENT_PACK_QS_CRIMSON_2.jpg', 1, 1408427584, 0, ' ROSHE RUN VENT PACK QS / CRIMSON', ''),
(519, '', '616325841_NIKE_ROSHE_RUN_VENT_PACK_QS_CRIMSON_3.jpg', 1, 1408427584, 0, ' ROSHE RUN VENT PACK QS / CRIMSON', ''),
(520, '', '616325841_NIKE_ROSHE_RUN_VENT_PACK_QS_CRIMSON_4.jpg', 1, 1408427584, 0, ' ROSHE RUN VENT PACK QS / CRIMSON', ''),
(521, '', '616325841_NIKE_ROSHE_RUN_VENT_PACK_QS_CRIMSON_5.jpg', 1, 1408427584, 0, ' ROSHE RUN VENT PACK QS / CRIMSON', ''),
(522, '', '616325841_NIKE_ROSHE_RUN_VENT_PACK_QS_CRIMSON_6.jpg', 1, 1408427584, 0, ' ROSHE RUN VENT PACK QS / CRIMSON', ''),
(523, '', '616325331_NIKE_ROSHE_RUN_VENT_PACK_QS_TURQUOISE_1.jpg', 1, 1408427676, 0, 'ROSHE RUN VENT PACK QS / SPORT TURQUOISE', ''),
(524, '', '616325331_NIKE_ROSHE_RUN_VENT_PACK_QS_TURQUOISE_2.jpg', 1, 1408427676, 0, 'ROSHE RUN VENT PACK QS / SPORT TURQUOISE', ''),
(525, '', '616325331_NIKE_ROSHE_RUN_VENT_PACK_QS_TURQUOISE_3.jpg', 1, 1408427676, 0, 'ROSHE RUN VENT PACK QS / SPORT TURQUOISE', ''),
(526, '', '616325331_NIKE_ROSHE_RUN_VENT_PACK_QS_TURQUOISE_4.jpg', 1, 1408427676, 0, 'ROSHE RUN VENT PACK QS / SPORT TURQUOISE', ''),
(527, '', '616325331_NIKE_ROSHE_RUN_VENT_PACK_QS_TURQUOISE_5.jpg', 1, 1408427676, 0, 'ROSHE RUN VENT PACK QS / SPORT TURQUOISE', ''),
(528, '', '616325331_NIKE_ROSHE_RUN_VENT_PACK_QS_TURQUOISE_6.jpg', 1, 1408427676, 0, 'ROSHE RUN VENT PACK QS / SPORT TURQUOISE', ''),
(529, '', '616325331_NIKE_ROSHE_RUN_VENT_PACK_QS_TURQUOISE_7.jpg', 1, 1408427676, 0, 'ROSHE RUN VENT PACK QS / SPORT TURQUOISE', ''),
(530, '', '_LSD4435.jpg', 1, 1408427748, 0, 'ROSHERUN SNEAKERBOOT QS BLACK', ''),
(531, '', '_LSD4436.jpg', 1, 1408427749, 0, 'ROSHERUN SNEAKERBOOT QS BLACK', ''),
(532, '', '_LSD4437.jpg', 1, 1408427749, 0, 'ROSHERUN SNEAKERBOOT QS BLACK', ''),
(533, '', '_LSD4438.jpg', 1, 1408427749, 0, 'ROSHERUN SNEAKERBOOT QS BLACK', ''),
(534, '', '_LSD4441.jpg', 1, 1408427749, 0, 'ROSHERUN SNEAKERBOOT QS BLACK', ''),
(535, '', '_LSD4442.jpg', 1, 1408427821, 0, 'ROSHERUN SNEAKERBOOT QS / MERCURY GREY', ''),
(536, '', '_LSD4444.jpg', 1, 1408427821, 0, 'ROSHERUN SNEAKERBOOT QS / MERCURY GREY', ''),
(537, '', '_LSD4445.jpg', 1, 1408427821, 0, 'ROSHERUN SNEAKERBOOT QS / MERCURY GREY', ''),
(538, '', '_LSD4446.jpg', 1, 1408427821, 0, 'ROSHERUN SNEAKERBOOT QS / MERCURY GREY', ''),
(539, '', '_LSD4447.jpg', 1, 1408427821, 0, 'ROSHERUN SNEAKERBOOT QS / MERCURY GREY', ''),
(540, '', '_LSD4449.jpg', 1, 1408427821, 0, 'ROSHERUN SNEAKERBOOT QS / MERCURY GREY', ''),
(541, '', '_LSD4450.jpg', 1, 1408427821, 0, 'ROSHERUN SNEAKERBOOT QS / MERCURY GREY', ''),
(542, '', 'Giuseppe_Zanotti_Crocodile-EmbossedSneakers01.jpg', 1, 1408514180, 0, 'Crocodile-Embossed Sneakers', ''),
(543, '', 'Giuseppe_Zanotti_Crocodile-EmbossedSneakers02.jpg', 1, 1408514180, 0, 'Crocodile-Embossed Sneakers', ''),
(544, '', 'Giuseppe_Zanotti_Crocodile-EmbossedSneakers03.jpg', 1, 1408514180, 0, 'Crocodile-Embossed Sneakers', ''),
(545, '', 'Giuseppe_Zanotti_Crocodile-EmbossedSneakers04.jpg', 1, 1408514180, 0, 'Crocodile-Embossed Sneakers', ''),
(546, '', 'Giuseppe_Zanotti_Crocodile-EmbossedSneakers05.jpg', 1, 1408514180, 0, 'Crocodile-Embossed Sneakers', ''),
(547, '', 'pavement__48A1087-copy.jpg', 1, 1408597983, 0, '', ''),
(548, '', 'pavement__48A1181-2.jpg', 1, 1408597983, 0, '', ''),
(549, '', 'pavement__48A1445.jpg', 1, 1408597983, 0, '', ''),
(550, '', 'pavement__48A1492.jpg', 1, 1408597984, 0, '', ''),
(551, '', 'pavement__48A1495.jpg', 1, 1408597984, 0, '', ''),
(552, '', 'pavement__48A1544-2.jpg', 1, 1408597984, 0, '', ''),
(553, '', 'pavement__48A1632.jpg', 1, 1408597984, 0, '', ''),
(554, '', 'pavement__48A1649.jpg', 1, 1408597984, 0, '', ''),
(555, '', 'pavement__48A1655.jpg', 1, 1408598200, 0, '', ''),
(556, '', 'pavement__48A1770-Edit.jpg', 1, 1408598200, 0, '', ''),
(557, '', 'pavement__48A1773.jpg', 1, 1408598200, 0, '', ''),
(558, '', 'pavement__48A1790.jpg', 1, 1408598200, 0, '', ''),
(559, '', 'pavement__48A1798.jpg', 1, 1408598200, 0, '', ''),
(560, '', 'pavement__48A1806.jpg', 1, 1408598200, 0, '', ''),
(561, '', 'pavement__48A1817-2.jpg', 1, 1408598200, 0, '', ''),
(562, '', 'pavement__48A1820.jpg', 1, 1408598200, 0, '', ''),
(563, '', 'pavement__48A1823.jpg', 1, 1408598395, 0, '', ''),
(564, '', 'pavement__48A1882.jpg', 1, 1408598395, 0, '', ''),
(565, '', 'pavement__48A1893.jpg', 1, 1408598395, 0, '', ''),
(566, '', 'pavement__48A1914.jpg', 1, 1408598395, 0, '', ''),
(567, '', 'pavement__48A1923.jpg', 1, 1408598395, 0, '', ''),
(568, '', 'pavement__48A1941.jpg', 1, 1408598396, 0, '', ''),
(569, '', 'pavement__48A1955.jpg', 1, 1408598396, 0, '', ''),
(570, '', 'pavement__48A2125.jpg', 1, 1408598396, 0, '', ''),
(571, '', 'pavement__48A2129.jpg', 1, 1408598607, 0, '', ''),
(572, '', 'pavement__48A8928.jpg', 1, 1408598607, 0, '', ''),
(573, '', 'pavement__48A8956.jpg', 1, 1408598607, 0, '', ''),
(574, '', 'pavement_Mike-Interview-2.jpg', 1, 1408598607, 0, '', ''),
(575, '', 'jayscale_1-9948.jpg', 1, 1408601316, 0, '', ''),
(576, '', 'jayscale_2-4622.jpg', 1, 1408601316, 0, '', ''),
(577, '', 'jayscale_3-4640.jpg', 1, 1408601316, 0, '', ''),
(578, '', 'jayscale_4-4652.jpg', 1, 1408601317, 0, '', ''),
(579, '', 'jayscale_123-4727.jpg', 1, 1408601317, 0, '', ''),
(580, '', 'jayscale_123-4732.jpg', 1, 1408601317, 0, '', ''),
(581, '', 'jayscale_123-4756.jpg', 1, 1408601317, 0, '', ''),
(582, '', 'jayscale_123-4757.jpg', 1, 1408601317, 0, '', ''),
(583, '', 'jayscale_123-4761.jpg', 1, 1408601332, 0, '', ''),
(584, '', 'jayscale_123-4764.jpg', 1, 1408601332, 0, '', ''),
(585, '', 'jayscale_123-4766.jpg', 1, 1408601332, 0, '', ''),
(586, '', 'jayscale_untitled-4687.jpg', 1, 1408601332, 0, '', ''),
(587, '', 'jayscale_untitled-4705.jpg', 1, 1408601332, 0, '', ''),
(588, '', 'jayscale_untitled-4710.jpg', 1, 1408601332, 0, '', ''),
(589, '', 'jayscale_untitled-4718.jpg', 1, 1408601332, 0, '', ''),
(590, '', '400_1359_large.jpg', 1, 1408651865, 0, '', ''),
(591, '', '400_1360_large.jpg', 1, 1408651865, 0, '', ''),
(592, '', '400_1361_large.jpg', 1, 1408651865, 0, '', ''),
(593, '', '400_1362_large.jpg', 1, 1408651865, 0, '', ''),
(594, '', '399_1355_large.jpg', 1, 1408652510, 0, 'Danano Black Grey Pullup', ''),
(595, '', '399_1356_large.jpg', 1, 1408652510, 0, 'Danano Black Grey Pullup', ''),
(596, '', '399_1357_large.jpg', 1, 1408652510, 0, 'Danano Black Grey Pullup', ''),
(597, '', '399_1358_large.jpg', 1, 1408652510, 0, 'Danano Black Grey Pullup', ''),
(598, '', '414_1455_large.jpg', 1, 1408652785, 0, 'Nakobo Mocha Suede', ''),
(599, '', '414_1456_large.jpg', 1, 1408652785, 0, 'Nakobo Mocha Suede', ''),
(600, '', '414_1457_large.jpg', 1, 1408652785, 0, 'Nakobo Mocha Suede', ''),
(601, '', '414_1458_large.jpg', 1, 1408652785, 0, 'Nakobo Mocha Suede', ''),
(602, '', '417_1467_large.jpg', 1, 1408653156, 0, 'Sodoro', ''),
(603, '', '417_1468_large.jpg', 1, 1408653156, 0, 'Sodoro', ''),
(604, '', '417_1469_large.jpg', 1, 1408653156, 0, 'Sodoro', ''),
(605, '', '417_1470_large.jpg', 1, 1408653156, 0, 'Sodoro', ''),
(606, '', '418_1471_large.jpg', 1, 1408653156, 0, 'Sodoro', ''),
(607, '', '418_1472_large.jpg', 1, 1408653156, 0, 'Sodoro', ''),
(608, '', '418_1473_large.jpg', 1, 1408653157, 0, 'Sodoro', ''),
(609, '', '075_245_large.jpg', 1, 1408653630, 0, 'Narivo', ''),
(610, '', '075_246_large.jpg', 1, 1408653630, 0, 'Narivo', ''),
(611, '', '164_533_large.jpg', 1, 1408653630, 0, 'Narivo', ''),
(612, '', '164_535_large.jpg', 1, 1408653630, 0, 'Narivo', ''),
(613, '', '073_1080_large.jpg', 1, 1408653643, 0, 'Narivo', ''),
(614, '', '073_1082_large.jpg', 1, 1408653643, 0, 'Narivo', ''),
(615, '', '074_1195_large.jpg', 1, 1408653643, 0, 'Narivo', ''),
(616, '', '074_1197_large.jpg', 1, 1408653643, 0, 'Narivo', ''),
(617, '', '074_1198_large.jpg', 1, 1408653643, 0, 'Narivo', ''),
(618, 'image', 'aotencr3hb0g.jpg', 1, 1408987110, 0, '', ''),
(619, '', 'origin__48A2221.jpg', 1, 1408987384, 0, '', ''),
(620, '', 'origin__48A2281.jpg', 1, 1408987384, 0, '', ''),
(621, '', 'origin__48A2287.jpg', 1, 1408987384, 0, '', ''),
(622, '', 'origin__48A2323.jpg', 1, 1408987384, 0, '', ''),
(623, '', 'origin__48A2351-2.jpg', 1, 1408987647, 0, '', ''),
(624, '', 'origin__48A2352.jpg', 1, 1408987647, 0, '', ''),
(625, '', 'origin__48A2359.jpg', 1, 1408987647, 0, '', ''),
(626, '', 'origin__48A2361.jpg', 1, 1408987647, 0, '', ''),
(627, '', 'origin__48A2433.jpg', 1, 1408987757, 0, '', ''),
(628, '', 'origin__48A2436.jpg', 1, 1408987757, 0, '', ''),
(629, '', 'origin__48A2440.jpg', 1, 1408987757, 0, '', ''),
(630, '', 'origin__48A2445.jpg', 1, 1408987757, 0, '', ''),
(631, '', 'origin__48A2371.jpg', 1, 1408987826, 0, '', ''),
(632, '', 'origin__48A2397.jpg', 1, 1408987826, 0, '', ''),
(633, '', 'origin__48A2406-2.jpg', 1, 1408987826, 0, '', ''),
(634, '', 'origin__48A2418.jpg', 1, 1408987826, 0, '', ''),
(635, '', 'origin__48A2447.jpg', 1, 1408987887, 0, '', ''),
(636, '', 'origin__48A2456.jpg', 1, 1408987887, 0, '', ''),
(637, '', 'origin__48A2458.jpg', 1, 1408987887, 0, '', ''),
(638, '', 'origin__48A2460.jpg', 1, 1408987887, 0, '', ''),
(639, '', 'origin__48A2461.jpg', 1, 1408987887, 0, '', ''),
(640, '', 'origin__48A2467.jpg', 1, 1408987887, 0, '', ''),
(641, '', 'origin__48A2486.jpg', 1, 1408987887, 0, '', ''),
(642, '', 'origin__48A2488.jpg', 1, 1408987887, 0, '', ''),
(643, '', 'origin__48A2490.jpg', 1, 1408987952, 0, '', ''),
(644, '', 'origin__48A2492.jpg', 1, 1408987952, 0, '', ''),
(645, '', 'origin__48A2514.jpg', 1, 1408987952, 0, '', ''),
(646, '', 'origin__48A2525.jpg', 1, 1408987952, 0, '', ''),
(647, '', 'origin__48A2531.jpg', 1, 1408987952, 0, '', ''),
(648, '', 'origin__48A2550.jpg', 1, 1408987952, 0, '', ''),
(649, '', 'origin__48A2560.jpg', 1, 1408987952, 0, '', ''),
(650, '', 'origin__48A2566.jpg', 1, 1408987952, 0, '', ''),
(651, '', 'origin__48A2571.jpg', 1, 1408988042, 0, '', ''),
(652, '', 'origin__48A2592.jpg', 1, 1408988042, 0, '', ''),
(653, '', 'origin__48A2593.jpg', 1, 1408988042, 0, '', ''),
(654, '', 'origin__48A2594.jpg', 1, 1408988042, 0, '', ''),
(655, '', 'origin__48A2600.jpg', 1, 1408988042, 0, '', ''),
(656, '', 'origin__48A2609.jpg', 1, 1408988042, 0, '', ''),
(657, '', 'origin__48A2612.jpg', 1, 1408988042, 0, '', ''),
(658, '', 'origin__48A2625.jpg', 1, 1408988132, 0, '', ''),
(659, '', 'origin__48A2633.jpg', 1, 1408988132, 0, '', ''),
(660, '', 'origin__48A2648.jpg', 1, 1408988132, 0, '', ''),
(661, '', 'origin__48A2654.jpg', 1, 1408988132, 0, '', ''),
(662, '', 'origin__48A2656.jpg', 1, 1408988132, 0, '', ''),
(663, '', 'origin__48A2657.jpg', 1, 1408988132, 0, '', ''),
(664, '', 'origin__48A2663.jpg', 1, 1408988132, 0, '', ''),
(665, '', 'origin__48A2666.jpg', 1, 1408988132, 0, '', ''),
(666, '', 'origin__48A2675.jpg', 1, 1408988132, 0, '', '');

-- --------------------------------------------------------

--
-- Table structure for table `brands`
--

CREATE TABLE IF NOT EXISTS `brands` (
  `id` int(11) NOT NULL AUTO_INCREMENT,
  `title` varchar(100) DEFAULT NULL,
  `description` text,
  `ordering` int(11) NOT NULL DEFAULT '1',
  `deleted` int(1) NOT NULL DEFAULT '0',
  PRIMARY KEY (`id`)
) ENGINE=InnoDB  DEFAULT CHARSET=latin1 AUTO_INCREMENT=19 ;

--
-- Dumping data for table `brands`
--

INSERT INTO `brands` (`id`, `title`, `description`, `ordering`, `deleted`) VALUES
(1, 'Jordan', 'Air Jordan is a brand of shoes and athletic clothing designed, owned, and produced for Michael Jordan by Nike''s Jordan Brand subsidiary.', 0, 0),
(2, 'Converse', 'Converse is an American lifestyle company with a production output that primarily consists of shoes, lifestyle fashion, and athletic apparel. The company has existed since the early 20th century and has been a subsidiary of Nike, Inc. since 2003.', 1, 0),
(3, 'Timberland', 'Timberland LLC is an American manufacturer and retailer of outdoors wear with a focus on footwear. Timberland footwear is marketed towards people intending outdoor and casual use.', 2, 1),
(4, 'Supra', 'KR3W is an apparel company based in Fountain Valley, California, United States, that specializes in skateboarding-related products. The brand was cofounded by Angel Cabada in 2002.', 3, 1),
(5, 'Nike', 'Nike, Inc. is an American multinational corporation that is engaged in the design, development, manufacturing and worldwide marketing and selling of footwear, apparel, equipment, accessories and services.', 4, 0),
(6, 'Clarks', '', 5, 1),
(7, 'Rockport', '', 6, 1),
(8, 'Adidas', '', 7, 1),
(9, 'Allen Edmonds', '', 8, 1),
(10, 'K-Swiss', '', 9, 1),
(11, 'Android Homme', '', 10, 1),
(12, 'Kriss Kross', '', 11, 1),
(13, 'New Balance', '', 12, 0),
(14, 'Giuseppe Zanotti', '', 13, 0),
(15, 'Gucci', '', 14, 1),
(16, 'Asics', 'ASICS is a Japanese athletic equipment company. ASICS produces footwear and sports equipment designed for football, running, netball, tennis, badminton, squash, martial arts, cricket, golf, wrestling, ...', 15, 0),
(17, 'Puma', 'Puma SE is a major German multinational company that produces athletic and casual footwear, as well as sportswear, headquartered in Herzogenaurach, Franconia, Germany.', 16, 1),
(18, 'OlibertÃ©', 'OlibertÃ© is a sustainable brand supporting workersâ€™ rights in sub-Saharan Africa. They believe in empowerment, transparency, and doing right by all. This means making premium quality products with a lifetime warranty, and it means treating every employee, everywhere in the world, with respect. \nIn 2009, they started off as a small footwear company partnering with factories and suppliers in Africa. Since then, they gained enough momentum to launch our very own factory in 2012. They make every single pair of OlibertÃ© shoes at this factory in Addis Ababa, Ethiopia. In September 2013, they also became the worldâ€™s first Fair Trade Certifiedâ„¢ footwear manufacturing factory.', 16, 0);

-- --------------------------------------------------------

--
-- Table structure for table `categories`
--

CREATE TABLE IF NOT EXISTS `categories` (
  `id` int(11) NOT NULL AUTO_INCREMENT,
  `title` varchar(255) DEFAULT NULL,
  `ordering` int(11) NOT NULL DEFAULT '1',
  `entry_datetime` int(11) DEFAULT NULL,
  `deleted` int(1) NOT NULL DEFAULT '0',
  PRIMARY KEY (`id`)
) ENGINE=InnoDB  DEFAULT CHARSET=latin1 AUTO_INCREMENT=7 ;

--
-- Dumping data for table `categories`
--

INSERT INTO `categories` (`id`, `title`, `ordering`, `entry_datetime`, `deleted`) VALUES
(1, 'Sneaker', 0, 0, 0),
(2, 'Boot', 1, 0, 0),
(3, 'Dress', 2, 0, 0),
(4, 'Design', 3, 0, 1),
(5, 'Miscellaneous', 4, NULL, 1),
(6, 'Random', 5, NULL, 1);

-- --------------------------------------------------------

--
-- Table structure for table `colors`
--

CREATE TABLE IF NOT EXISTS `colors` (
  `id` int(11) NOT NULL AUTO_INCREMENT,
  `title` varchar(50) DEFAULT NULL,
  `hex` varchar(10) DEFAULT NULL,
  `ordering` int(11) NOT NULL DEFAULT '1',
  `deleted` int(1) NOT NULL DEFAULT '0',
  PRIMARY KEY (`id`)
) ENGINE=InnoDB  DEFAULT CHARSET=latin1 AUTO_INCREMENT=21 ;

--
-- Dumping data for table `colors`
--

INSERT INTO `colors` (`id`, `title`, `hex`, `ordering`, `deleted`) VALUES
(1, 'Black', '#000000', 0, 0),
(2, 'White', '#ffffff', 2, 0),
(3, 'Red', '#FF0000', 3, 0),
(4, 'Beige', '#F5F5DC', 4, 0),
(5, 'Brown', '#8C6246', 5, 0),
(6, 'Silver', '#E0E0E0', 6, 0),
(7, 'Blue', '#0000FF', 1, 0),
(8, 'Purple ', '#541A8B', 8, 0),
(9, 'Orange', '#FF6600', 9, 0),
(10, 'Infrared ', '#EB1C37', 10, 0),
(11, 'Amber', '#BCBCBC', 11, 0),
(12, 'Royal Blue ', '#4169E1', 12, 0),
(13, 'Navy Blue ', '#000080', 13, 0),
(14, 'Grey ', '#404040', 7, 0),
(15, 'Turquoise', '#40E0D0', 14, 0),
(16, 'Yellow', '#FFFF00', 15, 0),
(17, 'Teal', '#028482', 16, 0),
(18, 'Olive', '#556B2F', 17, 0),
(19, 'Green', '#00FF00', 18, 0),
(20, 'Pink', '#FF69B4', 19, 0);

-- --------------------------------------------------------

--
-- Table structure for table `comments`
--

CREATE TABLE IF NOT EXISTS `comments` (
  `id` int(11) NOT NULL AUTO_INCREMENT,
  `parent_id` int(6) NOT NULL,
  `user_id` int(11) NOT NULL,
  `comment_body` varchar(255) NOT NULL,
  `replied_to` int(6) NOT NULL DEFAULT '0',
  `sub_replied_to` int(6) DEFAULT NULL,
  `entry_datetime` int(11) NOT NULL,
  `update_datetime` int(11) NOT NULL,
  `ordering` int(11) NOT NULL DEFAULT '1',
  `post_type` int(1) NOT NULL,
  `deleted` int(1) NOT NULL DEFAULT '0',
  PRIMARY KEY (`id`),
  KEY `post_type` (`post_type`)
) ENGINE=InnoDB DEFAULT CHARSET=latin1 AUTO_INCREMENT=1 ;

-- --------------------------------------------------------

--
-- Table structure for table `comment_karmas`
--

CREATE TABLE IF NOT EXISTS `comment_karmas` (
  `id` int(11) NOT NULL AUTO_INCREMENT,
  `post_type` int(5) NOT NULL,
  `type` int(1) NOT NULL DEFAULT '0',
  `parent_id` int(8) NOT NULL,
  `comment_id` int(11) NOT NULL,
  `user_id` int(11) NOT NULL,
  `entry_datetime` int(11) NOT NULL,
  `deleted` int(1) NOT NULL DEFAULT '0',
  `ordering` int(1) NOT NULL DEFAULT '1',
  PRIMARY KEY (`id`)
) ENGINE=InnoDB DEFAULT CHARSET=latin1 AUTO_INCREMENT=1 ;

-- --------------------------------------------------------

--
-- Table structure for table `contents`
--

CREATE TABLE IF NOT EXISTS `contents` (
  `id` int(11) NOT NULL AUTO_INCREMENT,
  `k` varchar(255) DEFAULT NULL,
  `v` text,
  `entry_datetime` int(11) NOT NULL DEFAULT '0',
  `update_datetime` int(11) NOT NULL DEFAULT '0',
  `deleted` int(1) NOT NULL DEFAULT '0',
  PRIMARY KEY (`id`),
  KEY `id` (`id`),
  KEY `id_2` (`id`)
) ENGINE=InnoDB  DEFAULT CHARSET=latin1 AUTO_INCREMENT=17 ;

--
-- Dumping data for table `contents`
--

INSERT INTO `contents` (`id`, `k`, `v`, `entry_datetime`, `update_datetime`, `deleted`) VALUES
(1, 'title', 'PLAYFIGHT IS A VFX STUDIO', 0, 0, 1),
(2, 'subtitle', 'WE PRODUCE TOP TIER VISUAL EFFECTS, ANIMATION AND PRE-VISUALIZATION FOR <span>FEATURE FILMS</span>, <span>TELEVISION</span> AND <span>ADVERTISING</span>. OUR OFFICES ARE LOCATED IN DOWNTOWN TORONTO', 0, 0, 1),
(3, 'facebook', 'https://www.facebook.com/pages/FoundMissing/158144410869120', 0, 0, 0),
(4, 'twitter', 'https://twitter.com/_foundmissing', 0, 0, 0),
(5, 'instagram', 'http://instagram.com/_foundmissing', 0, 0, 0),
(6, 'rss', 'http://rss.com/foundmissing', 0, 0, 0),
(7, 'contact_subtitle', 'We are so fun.', 0, 0, 1),
(8, 'address1', '489 Queen Street East', 0, 0, 1),
(9, 'address2', 'Toronto, On M5A 1V1', 0, 0, 1),
(10, 'phone', '416-809-6594', 0, 0, 1),
(11, 'email', 'hello@playfight.com', 0, 0, 1),
(12, 'job_email', 'jobs@playfight.com', 0, 0, 1),
(13, 'mission_statement', 'So the word is out and the Jordan III white/cement will make another visit come 2011. From pictures that have surfaced one has to be disappointed at the use of what looks like a glossy cheap leather. Outside of that and the fact that there is no Nike Air (wasnâ€™t on the 2003 release either) the shoe looks OK. Take a look at the side pictures below before you make your decision, and at the very least check out the different releases side by side. Enjoy.', 0, 0, 0),
(14, 'youtube', 'http://www.youtube.com/user/FOUNDMISSINGtv', 0, 0, 0),
(15, 'tumblr', 'http://thefoundmissing.tumblr.com/', 0, 0, 0),
(16, 'pinterest', 'http://pinterest.com', 0, 0, 0);

-- --------------------------------------------------------

--
-- Table structure for table `designers`
--

CREATE TABLE IF NOT EXISTS `designers` (
  `id` int(11) NOT NULL AUTO_INCREMENT,
  `title` varchar(100) DEFAULT NULL,
  `description` text,
  `ordering` int(11) NOT NULL DEFAULT '1',
  `deleted` int(1) NOT NULL DEFAULT '0',
  PRIMARY KEY (`id`)
) ENGINE=InnoDB  DEFAULT CHARSET=latin1 AUTO_INCREMENT=54 ;

--
-- Dumping data for table `designers`
--

INSERT INTO `designers` (`id`, `title`, `description`, `ordering`, `deleted`) VALUES
(1, 'Cole Haan', '', 2, 0),
(2, 'Nike', '', 1, 0),
(3, 'Converse', '', 3, 0),
(4, 'Adidas', '', 4, 0),
(5, 'New Balance', '', 5, 0),
(6, 'Red Wing', '', 6, 0),
(7, 'Clarks Original', '', 8, 0),
(8, 'Timberland', '', 13, 0),
(9, 'Android Homme', '', 14, 0),
(10, 'Supra II', '', 11, 0),
(11, 'Krisvanassche', '', 16, 0),
(12, 'Balenciaga ', '', 15, 0),
(13, 'Givenchy ', '', 21, 0),
(14, 'Dsquared2 ', '', 18, 0),
(15, 'Ann Demeulemeester ', '', 17, 0),
(16, 'Balmain ', '', 20, 0),
(17, 'Giuseppe Zanotti', '', 12, 0),
(18, 'Raf Simons ', '', 22, 0),
(19, 'Lanvin', '', 23, 0),
(20, 'Saint Laurent ', '', 19, 0),
(21, 'Maison Martin Margiela ', '', 24, 0),
(22, 'Pierre Hardy ', '', 25, 0),
(23, 'MCQ Alexander Mcqueen ', '', 26, 0),
(24, 'Neil Barret ', '', 27, 0),
(25, 'Thom Browne ', '', 28, 0),
(26, 'Paul Smith ', '', 29, 0),
(27, 'Tiger of Sweden ', '', 30, 0),
(28, 'Dr. Martens ', '', 32, 0),
(29, 'Y-3 ', '', 31, 0),
(30, 'Tod''s', '', 33, 0),
(31, 'Asics', '', 34, 0),
(32, 'John Varvatos ', '', 35, 0),
(33, 'Ellen Admonds ', '', 36, 0),
(34, 'Brunello Cucinelli ', '', 37, 0),
(35, 'Oliberte ', '', 39, 0),
(36, 'Toms ', '', 38, 0),
(37, 'Reebok', '', 7, 0),
(38, 'Asics', '', 40, 0),
(39, 'Sorel ', '', 41, 0),
(40, 'Sebago ', '', 42, 0),
(41, 'Sperry Topsider', '', 43, 0),
(42, 'Feit ', '', 44, 0),
(43, 'Danner ', '', 45, 0),
(44, 'Del Toro', '', 46, 0),
(45, 'Chippewa ', '', 47, 0),
(46, 'ETQ ', '', 49, 0),
(47, 'Puma ', '', 10, 0),
(48, 'Jordan ', '', 0, 0),
(49, 'Vans ', '', 9, 0),
(50, 'Christian Louboutin', '', 48, 0),
(51, 'Gucci ', '', 50, 0),
(52, 'Diemme ', '', 51, 0),
(53, 'Yuketen ', '', 52, 0);

-- --------------------------------------------------------

--
-- Table structure for table `favorites`
--

CREATE TABLE IF NOT EXISTS `favorites` (
  `id` int(12) NOT NULL AUTO_INCREMENT,
  `user_id` int(11) DEFAULT NULL,
  `item_id` int(11) DEFAULT NULL,
  `entry_datetime` int(11) NOT NULL,
  PRIMARY KEY (`id`),
  UNIQUE KEY `user_id` (`user_id`,`item_id`),
  KEY `user_id_2` (`user_id`)
) ENGINE=InnoDB  DEFAULT CHARSET=latin1 AUTO_INCREMENT=9 ;

--
-- Dumping data for table `favorites`
--

INSERT INTO `favorites` (`id`, `user_id`, `item_id`, `entry_datetime`) VALUES
(1, 1, 2, 1408387455),
(2, 1, 19, 1408392587),
(3, 1, 27, 1408394818),
(4, 1, 32, 1408398019),
(5, 35, 1, 1408665516),
(7, 134, 68, 1409274665),
(8, 134, 37, 1409274682);

-- --------------------------------------------------------

--
-- Table structure for table `footwears`
--

CREATE TABLE IF NOT EXISTS `footwears` (
  `id` int(11) NOT NULL AUTO_INCREMENT,
  `slug` varchar(255) NOT NULL,
  `brand_id` int(11) NOT NULL,
  `model_name` varchar(255) NOT NULL,
  `style_id` varchar(150) DEFAULT NULL,
  `tags` varchar(255) DEFAULT NULL,
  `price` varchar(15) DEFAULT NULL,
  `rating` varchar(5) DEFAULT NULL,
  `color_id` varchar(150) DEFAULT NULL,
  `release_date` int(11) DEFAULT NULL,
  `entry_datetime` int(11) NOT NULL,
  `deleted` int(1) NOT NULL DEFAULT '0',
  `ordering` int(11) NOT NULL DEFAULT '1',
  `external` varchar(250) DEFAULT NULL,
  `description` text,
  PRIMARY KEY (`id`),
  UNIQUE KEY `slug` (`slug`)
) ENGINE=InnoDB  DEFAULT CHARSET=latin1 AUTO_INCREMENT=91 ;

--
-- Dumping data for table `footwears`
--

INSERT INTO `footwears` (`id`, `slug`, `brand_id`, `model_name`, `style_id`, `tags`, `price`, `rating`, `color_id`, `release_date`, `entry_datetime`, `deleted`, `ordering`, `external`, `description`) VALUES
(1, 'fs-x-mmm-1970s-ct-all-star-leather-amber-glow', 2, 'FS X MMM 1970''S CT ALL STAR LEATHER / AMBER GLOW', NULL, '', '250.00', '', '4', 0, 1408396344, 0, 0, 'http://deadstock.ca/converse-fs-x-mmm-1970s-ct-all-star-leather-amber-glow.html', ''),
(2, 'premium-chuck-taylor-all-star-1970s-vintage-canvas-hi', 2, 'PREMIUM CHUCK TAYLOR ALL STAR 1970''S VINTAGE CANVAS HI', NULL, '', '85.00', '', '4', 0, 1408396369, 0, 1, 'http://deadstock.ca/converse-premium-chuck-taylor-all-star-1970s-vintage-canvas-hi-parchment.html', ''),
(3, 'converse-premium-chuck-taylor-all-star-1970s-vintage-canvas-ox', 2, 'PREMIUM CHUCK TAYLOR ALL STAR 1970''S VINTAGE CANVAS OX', NULL, '', '80.00', '', '1,2', 0, 1408396382, 0, 2, 'http://deadstock.ca/converse-premium-chuck-taylor-all-star-1970s-vintage-canvas-ox-black.html', ''),
(4, 'premium-ct-1970s-all-star-ox', 2, 'PREMIUM CT 1970''S ALL STAR OX', NULL, '', '75.00', '', '2', 0, 1408396397, 0, 3, 'http://deadstock.ca/converse-premium-chuck-taylor-all-star-1970s-vintage-canvas-ox-black.html', ''),
(5, 'gellyte-iii', 16, 'GEL-LYTE III', NULL, '', '130.00', '', '2,14', 0, 1408388157, 0, 4, 'http://deadstock.ca/asics-gel-lyte-iii-grey-white.html', ''),
(6, 'gtii-tan-dark-brown', 16, 'GT-II TAN / DARK BROWN', NULL, '', '110.00', '', '5', 0, 1408388486, 0, 5, 'http://deadstock.ca/asics-gt-ii-tan-dark-brown.html', ''),
(7, 'gtii-olive', 16, 'GT-II', NULL, '', '120.00', '', '18', 0, 1408396547, 0, 6, 'http://deadstock.ca/asics-gt-ii-olive.html', ''),
(8, 'x-packer-shoes-kayano-trainer-charcoal', 16, 'X PACKER SHOES KAYANO TRAINER CHARCOAL', NULL, '', '180.00', '', '14', 0, 1408389413, 0, 7, 'http://deadstock.ca/asics-x-packer-shoes-kayano-trainer-charcoal-charcoal.html', ''),
(9, 'x-packer-shoes-kayano-trainer', 16, 'X PACKER SHOES KAYANO TRAINER', NULL, '', '180.00', '', '14', 0, 1408389400, 0, 8, 'http://deadstock.ca/asics-x-packer-shoes-kayano-trainer-purple-grey.html', ''),
(10, 'gellyte-v-off-white-purple', 16, 'GEL-LYTE V', NULL, '', '130.00', '', '2', 0, 1408407894, 0, 9, 'http://deadstock.ca/asics-gel-lyte-v-off-white-purple.html', ''),
(11, 'gellyte-v-red-white', 16, 'GEL-LYTE V', NULL, '', '130.00', '', '2,3', 0, 1408407941, 0, 10, 'http://deadstock.ca/asics-gel-lyte-v-red-white.html', ''),
(12, 'onitsuka-tiger-x-pompilio-xcaliber-blotted-black', 16, 'ONITSUKA TIGER X POMPILIO X-CALIBER / BLOTTED BLACK', NULL, '', '190.00', '', '1', 0, 1408390175, 0, 11, 'http://deadstock.ca/asics-onitsuka-tiger-x-pompilio-x-caliber-blottled-black.html', ''),
(13, 'onitsuka-tiger-x-pompilio-xcaliber-rose', 16, 'ONITSUKA TIGER X POMPILIO X-CALIBER / ROSE', NULL, '', '190.00', '', '13', 0, 1408390423, 0, 12, 'http://deadstock.ca/asics-onitsuka-tiger-x-pompilio-x-caliber-rose.html', ''),
(14, 'onitsuka-tiger-x-pompilio-xcaliber-sputtering-black', 16, 'ONITSUKA TIGER X POMPILIO X-CALIBER / SPUTTERING BLACK', NULL, '', '190.00', '', '1', 0, 1408390700, 0, 13, 'http://deadstock.ca/asics-onitsuka-tiger-x-pompilio-x-caliber-sputtering-black.html', ''),
(15, 'onitsuka-tiger-x-pompilio-xcaliber-punching-white', 16, 'ONITSUKA TIGER X POMPILIO X-CALIBER PUNCHING / WHITE', NULL, '', '190.00', '', '2', 0, 1408390874, 0, 14, 'http://deadstock.ca/asics-onitsuka-tiger-x-pompilio-x-caliber-punching-white.html', ''),
(16, 'onitsuka-tiger-x-pompilio-mexico-mid-runner-rose', 16, 'ONITSUKA TIGER X POMPILIO MEXICO MID RUNNER / ROSE', NULL, '', '190.00', '', '1', 0, 1408391270, 0, 15, 'http://deadstock.ca/asics-onitsuka-tiger-x-pompilio-mexico-mid-runner-rose.html', ''),
(17, 'onitsuka-tiger-x-pompilio-mexico-mid-runner-punching-white', 16, 'ONITSUKA TIGER X POMPILIO MEXICO MID RUNNER PUNCHING / WHITE', NULL, '', '190', '', '2', 0, 1408391222, 0, 16, 'http://deadstock.ca/asics-onitsuka-tiger-x-pompilio-mexico-mid-runner-punching-white.html', ''),
(18, 'x-ubiq-gtcool-night-shade-grape-leaf', 16, 'X UBIQ GT-COOL NIGHT SHADE / GRAPE LEAF', NULL, '', '170.00', '', '14', 0, 1408391394, 0, 17, 'http://deadstock.ca/asics-x-ubiq-gt-cool-night-shade-grape-leaf.html', ''),
(19, '14-retro-thunder-black', 1, '14 RETRO THUNDER / BLACK', NULL, '', '210.00', '', '1,16', 0, 1408392613, 0, 18, 'http://deadstock.ca/jordan-14-retro-thunder-black.html', ''),
(20, '14-retro-sport-blue-wolf-grey', 1, '14 RETRO SPORT BLUE / WOLF GREY', NULL, '', '210.00', '', '7,14', 0, 1408392754, 0, 19, 'http://deadstock.ca/jordan-14-retro-sport-blue-wolf-grey.html', ''),
(21, 'future-qs-varsity-royal', 1, 'FUTURE QS / VARSITY ROYAL', NULL, '', '190.00', '', '12', 0, 1408393329, 0, 20, 'http://deadstock.ca/jordan-future-qs-varsity-royal.html', ''),
(22, 'japan-exclusive-mrt580wt-teal', 13, 'JAPAN EXCLUSIVE MRT580WT / TEAL', NULL, '', '140.00', '', '17', 0, 1408393510, 0, 21, 'http://deadstock.ca/new-balance-japan-exclusive-mrt580wt-teal.html', ''),
(23, '576-camo-pack-olive-orange', 13, '576 CAMO PACK', NULL, '', '180.00', '', '9,18', 0, 1408395951, 0, 22, 'http://deadstock.ca/new-balance-576-camo-pack-olive-orange.html', ''),
(26, 'm576enp-three-peaks-pack-ben-nevis-navy-turquoise', 13, 'M576ENP THREE PEAKS PACK BEN NEVIS NAVY / TURQUOISE', NULL, '', '230.00', '', '13,15', 0, 1408394509, 0, 25, 'http://deadstock.ca/new-balance-m576enp-three-peaks-pack-ben-nevis-navy-turquoise.html', ''),
(27, 'kd-vi-all-star-pack-illusion-qs', 5, 'KD VI ALL STAR PACK ILLUSION QS', NULL, '', '190.00', '', '1,9,15,17', 0, 1408394639, 0, 26, 'http://deadstock.ca/nike-kd-vi-all-star-pack-qs-multi.html', ''),
(28, 'flyknit-lunar2-volt', 5, 'FLYKNIT LUNAR2 / VOLT', NULL, '', '190.00', '', '16', 0, 1408394926, 0, 27, 'http://deadstock.ca/product.php?productid=36040&cat=781&page=1', ''),
(29, 'blazer-mid-premium-vintage-city-floral-pack-nyc-qs', 5, 'BLAZER MID PREMIUM VINTAGE CITY FLORAL PACK NYC QS', NULL, '', '135.00', '', '9', 1401508800, 1408429062, 0, 28, 'http://deadstock.ca/nike-blazer-mid-premium-vintage-city-floral-pack-nyc-qs-multi.html', ''),
(30, 'rosherun-sail', 5, 'ROSHERUN / SAIL', NULL, '', '95.00', '', '1,2', 0, 1408395401, 0, 29, 'http://deadstock.ca/nike-rosherun-sail.html', ''),
(31, 'lunarpresto', 5, 'LUNARPRESTO', NULL, '', '130.00', '', '1,2', 0, 1408395598, 0, 30, 'http://deadstock.ca/nike-lunarpresto-black.html', ''),
(32, 'lebron-xi-south-beach-qs-sport-turquoise', 5, 'LEBRON XI SOUTH BEACH QS / SPORT TURQUOISE', '1', 'lebrons', '250.00', '', '15', 1403323200, 1408398003, 0, 31, 'http://deadstock.ca/nike-lebron-xi-south-beach-qs-sport-turquoise.html', 'Infusing modern innovation with iconic Miami colors like teal and pink, the LeBron 11 â€˜South Beachâ€™ pays tribute to Miamiâ€™s acclaimed neighborhood. This popular colorway first debuted with his eighth signature shoe in 2010.\r\n\r\nThe LeBron 11 features Hyperposite technology for lightweight lock-down, while taking protection, containment and responsiveness to a new level. The upper incorporates Nike Hyperfuse construction and dynamic Nike Flywire technology.'),
(33, 'air-tech-challenge-hybrid-qs-black', 5, 'AIR TECH CHALLENGE HYBRID QS', NULL, '', '175.00', '', '1', 0, 1408406677, 0, 32, 'http://deadstock.ca/nike-air-tech-challenge-hybrid-qs-black.html', ''),
(34, 'air-tech-challenge-hybrid-qs-white', 5, 'AIR TECH CHALLENGE HYBRID QS', NULL, '', '175.00', '', '2', 0, 1408406661, 0, 33, 'http://deadstock.ca/nike-air-tech-challenge-hybrid-qs-white.html', ''),
(35, 'air-force-1-low-cmft-prm-qs-hyper-punch', 5, 'AIR FORCE 1 LOW CMFT PRM QS HYPER PUNCH', NULL, '', '180', '', '2', 0, 1408406797, 0, 34, 'http://deadstock.ca/nike-air-force-1-low-cmft-prm-qs-hyper-punch-white.html', ''),
(36, 'air-trainer-sc-high-prm-qs-hyper-punch', 5, 'AIR TRAINER SC HIGH PRM QS HYPER PUNCH', NULL, '', '175.00', '', '2', 0, 1408407195, 0, 35, 'http://deadstock.ca/nike-air-trainer-sc-high-prm-qs-hyper-punch-white.html', ''),
(37, 'air-footscape-desert-chukka-qs-deep-garnet', 5, 'AIR FOOTSCAPE DESERT CHUKKA QS / DEEP GARNET', NULL, '', '210.00', '', '3', 0, 1408407442, 0, 36, 'http://deadstock.ca/nike-air-footscape-desert-chukka-qs-deep-garnet.html', ''),
(38, 'air-footscape-desert-chukka-qs-black', 5, 'AIR FOOTSCAPE DESERT CHUKKA QS', NULL, '', '210.00', '', '1', 0, 1408427863, 0, 37, 'http://deadstock.ca/nike-air-footscape-desert-chukka-qs-black.html', ''),
(39, 'air-footscape-woven-chukka-yoth-qs-light-midnight', 5, 'AIR FOOTSCAPE WOVEN CHUKKA YOTH QS LIGHT MIDNIGHT', NULL, '', '190.00', '', '16', 0, 1408414700, 0, 38, 'http://deadstock.ca/nike-air-footscape-woven-chukka-yoth-qs-light-midnight.html', ''),
(40, 'air-footscape-woven-mtn-city-pack-shanghai-qs', 5, 'AIR FOOTSCAPE WOVEN MTN CITY PACK SHANGHAI QS', NULL, '', '200.00', '', '1', 0, 1408422674, 0, 39, 'http://deadstock.ca/nike-air-footscape-woven-mtn-city-pack-shanghai-qs-black.html', ''),
(41, 'air-force-1-ac-premium-nylon-pack-qs-black', 5, 'AIR FORCE 1 AC PREMIUM NYLON PACK QS / BLACK', NULL, '', '105.00', '', '1', 0, 1408422821, 0, 40, 'http://deadstock.ca/nike-air-force-1-ac-premium-nylon-pack-qs-black.html', ''),
(42, 'air-force-1-ac-premium-nylon-pack-qs-midnight-navy', 5, 'AIR FORCE 1 AC PREMIUM NYLON PACK QS / MIDNIGHT NAVY', NULL, '', '105.00', '', '13', 0, 1408422940, 0, 41, 'http://deadstock.ca/nike-air-force-1-ac-premium-nylon-pack-qs-midnight-navy.html', ''),
(43, 'air-force-1-ac-premium-nylon-pack-qs-university-red', 5, 'AIR FORCE 1 AC PREMIUM NYLON PACK QS / UNIVERSITY RED', NULL, '', '105.00', '', '3', 0, 1408423060, 0, 42, 'http://deadstock.ca/nike-air-force-1-ac-premium-nylon-pack-qs-university-red.html', ''),
(44, 'air-max-1-breathe-city-pack-london-qs-geyser-grey', 5, 'AIR MAX 1 BREATHE CITY PACK LONDON QS / GEYSER GREY', NULL, '', '160.00', '', '14', 0, 1408423210, 0, 43, 'http://deadstock.ca/nike-air-max-1-breathe-city-pack-london-qs-geyser-grey.html', ''),
(45, 'air-max-1-fb-premium-mercurial-pack-qs-atomic-violet', 5, 'AIR MAX 1 FB PREMIUM MERCURIAL PACK QS / ATOMIC VIOLET', NULL, '', '160.00', '', '8', 0, 1408423437, 0, 44, 'http://deadstock.ca/nike-air-max-1-fb-premium-mercurial-pack-qs-atomic-violet.html', ''),
(46, 'air-max-1-fb-premium-mercurial-pack-qs-metallic-silver', 5, 'AIR MAX 1 FB PREMIUM MERCURIAL PACK QS / METALLIC SILVER', NULL, '', '160.00', '', '6', 0, 1408423632, 0, 45, 'http://deadstock.ca/nike-air-max-1-fb-premium-mercurial-pack-qs-metallic-silver.html', ''),
(47, 'air-max-1-fb-premium-mercurial-pack-qs-polarized-blue', 5, 'AIR MAX 1 FB PREMIUM MERCURIAL PACK QS / POLARIZED BLUE', NULL, '', '160.00', '', '7', 0, 1408423727, 0, 46, 'http://deadstock.ca/nike-air-max-1-fb-premium-mercurial-pack-qs-polarized-blue.html', ''),
(48, 'air-max-1-fb-premium-mercurial-pack-qs-vibrant-yellow', 5, 'AIR MAX 1 FB PREMIUM MERCURIAL PACK QS / VIBRANT YELLOW', NULL, '', '160.00', '', '16', 0, 1408423795, 0, 47, 'http://deadstock.ca/nike-air-max-1-fb-premium-mercurial-pack-qs-vibrant-yellow.html', ''),
(49, 'air-max-1-hyperfuse-night-track-pack-qs-deep-red', 5, 'AIR MAX 1 HYPERFUSE NIGHT TRACK PACK QS / DEEP RED', NULL, '', '140.00', '', '2,3', 0, 1408423889, 0, 48, 'http://deadstock.ca/nike-air-max-1-hyperfuse-night-track-pack-qs-deep-red.html', ''),
(50, 'air-max-1-hyperfuse-night-track-pack-qs-deep-royal', 5, 'AIR MAX 1 HYPERFUSE NIGHT TRACK PACK QS / DEEP ROYAL', NULL, '', '140.00', '', '2,12', 0, 1408423974, 0, 49, 'http://deadstock.ca/nike-air-max-1-hyperfuse-night-track-pack-qs-deep-royal.html', ''),
(51, 'air-max-1-london-qs-cool-grey', 5, 'AIR MAX 1 LONDON QS / COOL GREY', NULL, '', '150.00', '', '14,13', 0, 1408424072, 0, 50, 'http://deadstock.ca/nike-air-max-1-london-qs-cool-grey.html', ''),
(52, 'air-max-1-prm-sp-qs-zig-zag-cargo-khaki', 5, 'AIR MAX 1 PRM SP QS ZIG ZAG / CARGO KHAKI', NULL, '', '145.00', '', '1', 0, 1408424158, 0, 51, 'http://deadstock.ca/nike-air-max-1-prm-sp-qs-zig-zag-cargo-khaki.html', ''),
(53, 'air-max-180-qs-summit-white-magenta', 5, 'AIR MAX 180 QS SUMMIT WHITE / MAGENTA', NULL, '', '150.00', '', '8', 0, 1408424595, 0, 52, 'http://deadstock.ca/nike-air-max-180-qs-summit-white-magenta.html', ''),
(54, 'air-max-180-qs-summit-white-metallic-gold', 5, 'AIR MAX 180 QS SUMMIT WHITE / METALLIC GOLD', NULL, '', '150.00', '', '2', 0, 1408424289, 0, 53, 'http://deadstock.ca/nike-air-max-180-qs-summit-white-metallic-gold.html', ''),
(55, 'air-max-90-ice-new-york-city-qs-classic-stone', 5, 'AIR MAX 90 ICE NEW YORK CITY QS / CLASSIC STONE', NULL, '', '200.00', '', '4', 0, 1408424449, 0, 54, 'http://deadstock.ca/nike-air-max-90-ice-new-york-city-qs-classic-stone.html', ''),
(56, 'air-max-90-london-qs-white', 5, 'AIR MAX 90 LONDON QS / WHITE', NULL, '', '150.00', '', '2', 0, 1408424515, 0, 55, 'http://deadstock.ca/nike-air-max-90-london-qs-white.html', ''),
(57, 'air-max-95-city-pack-london-qs-midnight-navy', 5, 'AIR MAX 95 CITY PACK LONDON QS / MIDNIGHT NAVY', NULL, '', '220.00', '', '2,13', 0, 1408424738, 0, 56, 'http://deadstock.ca/nike-air-max-95-city-pack-london-qs-midnight-navy.html', ''),
(58, 'air-max-95-japan-sp-qs-pale-olive', 5, 'AIR MAX 95 JAPAN SP QS / PALE OLIVE', NULL, '', '190.00', '', '18', 0, 1408424778, 0, 57, 'http://deadstock.ca/nike-air-max-95-japan-sp-qs-pale-olive.html', ''),
(59, 'air-max-95-uk-sp-qs-hemp', 5, 'AIR MAX 95 UK SP QS / HEMP', NULL, '', '190.00', '', '4,18', 0, 1408424870, 0, 58, 'http://deadstock.ca/nike-air-max-95-uk-sp-qs-hemp.html', ''),
(60, 'air-pegasus-83-qs-dark-grey', 5, 'AIR PEGASUS 83 QS / DARK GREY', NULL, '', '100.00', '', '14', 0, 1408425098, 0, 59, 'http://deadstock.ca/nike-air-pegasus-83-qs-dark-grey.html', ''),
(61, 'air-python-lux-sp-qs-white-brown', 5, 'AIR PYTHON LUX SP QS', NULL, '', '185.00', '', '2', 0, 1408425224, 0, 60, 'http://deadstock.ca/nike-air-python-lux-sp-qs-white-brown.html', ''),
(62, 'air-python-lux-sp-qs-white-silver', 5, 'AIR PYTHON LUX SP QS', NULL, '', '185.00', '', '2,6', 0, 1408425313, 0, 61, 'http://deadstock.ca/nike-air-python-lux-sp-qs-white-metallic-silver.html', ''),
(63, 'air-tech-challenge-ii-qs-white', 5, 'AIR TECH CHALLENGE II QS / WHITE', NULL, '', '150.00', '', '2', 0, 1408425404, 0, 62, 'http://deadstock.ca/nike-air-tech-challenge-ii-qs-white.html', ''),
(64, 'air-trainer-1-mid-prm-qs-velvet-brown', 5, 'AIR TRAINER 1 MID PRM QS / VELVET BROWN', NULL, '', '150.00', '', '1,5', 0, 1408425486, 0, 63, 'http://deadstock.ca/nike-air-trainer-1-mid-prm-qs-velvet-brown.html', ''),
(65, 'air-trainer-2-prm-qs-persian-violet-black', 5, 'AIR TRAINER 2 PRM QS PERSIAN VIOLET / BLACK', NULL, '', '185.00', '', '1,8', 0, 1408425648, 0, 64, 'http://deadstock.ca/nike-air-trainer-2-prm-qs-persian-violet-black.html', ''),
(66, 'air-trainer-iii-premium-bo-knows-horse-racing-qs-dark-grey', 5, 'AIR TRAINER III PREMIUM BO KNOWS HORSE RACING QS / DARK GREY', NULL, '', '175.00', '', '14,8', 0, 1408425815, 0, 65, 'http://deadstock.ca/nike-air-trainer-iii-premium-bo-knows-horse-racing-qs-dark-grey.html', ''),
(67, 'berwuda-mid-qs-base-grey-light-crimson', 5, 'BERWUDA MID QS BASE GREY / LIGHT CRIMSON', NULL, '', '140.00', '', '3,14', 0, 1408425892, 0, 66, 'http://deadstock.ca/nike-berwuda-mid-qs-base-grey-light-crimson.html', ''),
(68, 'berwuda-mid-qs-black-atomic-orange', 5, 'BERWUDA MID QS BLACK / ATOMIC ORANGE', NULL, '', '140.00', '', '1,9', 0, 1408426032, 0, 67, 'http://deadstock.ca/nike-berwuda-mid-qs-black-atomic-orange.html', ''),
(69, 'blazer-mid-premium-vintage-city-floral-pack-chicago-qs-royal-blue', 5, 'BLAZER MID PREMIUM VINTAGE CITY FLORAL PACK CHICAGO QS', NULL, '', '135', '', '12', 1401508800, 1408429105, 0, 68, 'http://deadstock.ca/nike-blazer-mid-premium-vintage-city-floral-pack-chicago-qs-multi.html', ''),
(70, 'blazer-mid-premium-vintage-city-floral-pack-la-qs-green', 5, 'BLAZER MID PREMIUM VINTAGE CITY FLORAL PACK LA QS', NULL, '', '135', '', '18', 1401508800, 1408429113, 0, 69, 'http://deadstock.ca/nike-blazer-mid-premium-vintage-city-floral-pack-la-qs-multi.html', ''),
(71, 'cortez-nm-qs-black', 5, 'CORTEZ NM QS', NULL, '', '115', '', '1', 0, 1408426369, 0, 70, 'http://deadstock.ca/nike-cortez-nm-qs-black.html', ''),
(72, 'free-run-2-sneakerboot-qs-barkroot-brown', 5, 'FREE RUN 2 SNEAKERBOOT QS / BARKROOT BROWN', NULL, '', '180', '', '1', 0, 1408426457, 0, 71, 'http://deadstock.ca/nike-free-run-2-sneakerboot-qs-barkroot-brown.html', ''),
(73, 'hyperdunk-2014-chicago-qs-dark-grey-hyper-crimson', 5, 'HYPERDUNK 2014 CHICAGO QS DARK GREY / HYPER CRIMSON', NULL, '', '175.00', '', '1,3,9', 0, 1408426560, 0, 72, 'http://deadstock.ca/nike-hyperdunk-2014-low-chicago-qs-dark-grey-hyper-crimson.html', ''),
(74, 'hyperdunk-2014-low-dc-qs-dark-grey-hyper-turquoise', 5, 'HYPERDUNK 2014 LOW DC QS DARK GREY / HYPER TURQUOISE', NULL, '', '175.00', '', '7,15,17', 0, 1408426645, 0, 73, 'http://deadstock.ca/nike-hyperdunk-2014-low-dc-qs-dark-grey-hyper-turquoise.html', ''),
(75, 'hyperdunk-2014-low-la-qs-dark-grey-hyper-punch', 5, 'HYPERDUNK 2014 LOW LA QS DARK GREY / HYPER PUNCH', NULL, '', '175.00', '', '8,20', 0, 1408426768, 0, 74, 'http://deadstock.ca/nike-hyperdunk-2014-low-la-qs-dark-grey-hyper-punch.html', ''),
(76, 'hyperdunk-2014-low-nyc-qs-dark-grey-dark-grey', 5, 'HYPERDUNK 2014 LOW NYC QS DARK GREY / DARK GREY', NULL, '', '175.00', '', '14', 0, 1408426837, 0, 75, 'http://deadstock.ca/nike-hyperdunk-2014-low-nyc-qs-dark-grey-dark-grey.html', ''),
(77, 'kobe-8-system-yoth-light-crimson', 5, 'KOBE 8 SYSTEM YOTH / LIGHT CRIMSON', NULL, '', '200.00', '', '3', 0, 1408427138, 0, 76, 'http://deadstock.ca/nike-kobe-8-system-yoth-light-crimson.html', ''),
(78, 'lunaracer-sfb-boot-qs-dark-army', 5, 'LUNARACER SFB BOOT QS / DARK ARMY', NULL, '', '175.00', '', '5', 0, 1408427249, 0, 77, 'http://deadstock.ca/nike-lunaracer-sfb-boot-qs-dark-army.html', 'Nike''s popular combat style boots get the Lunarlon update on the sole for added comfort. The full front zip cover is completely removable for a more day to day appeal.'),
(79, 'lunarfly-306-city-pack-shanghai-qs-pure-platinum', 5, 'LUNARFLY 306 CITY PACK SHANGHAI QS / PURE PLATINUM', NULL, '', '135.00', '', '2,20', 0, 1408427382, 0, 78, 'http://deadstock.ca/nike-lunarfly-306-city-pack-shanghai-qs-pure-platinum.html', ''),
(80, 'roshe-run-marble-pack-qs-bamboo', 5, 'ROSHE RUN MARBLE PACK QS / BAMBOO', NULL, '', '100', '', '14,19', 0, 1408427481, 0, 79, 'http://deadstock.ca/nike-roshe-run-marble-pack-qs-bamboo.html', ''),
(81, 'roshe-run-vent-pack-qs-crimson', 5, 'ROSHE RUN VENT PACK QS / CRIMSON', NULL, '', '110', '', '13,20', 0, 1408427544, 0, 80, 'http://deadstock.ca/nike-roshe-run-vent-pack-qs-crimson.html', ''),
(82, 'roshe-run-vent-pack-qs-sport-turquoise', 5, 'ROSHE RUN VENT PACK QS / SPORT TURQUOISE', NULL, '', '110', '', '15,19', 0, 1408427633, 0, 81, 'http://deadstock.ca/nike-roshe-run-vent-pack-qs-sport-turquoise.html', ''),
(83, 'rosherun-sneakerboot-qs-black', 5, 'ROSHERUN SNEAKERBOOT QS', NULL, '', '150.00', '', '1', 0, 1408427718, 0, 82, 'http://deadstock.ca/nike-rosherun-sneakerboot-qs-black.html', ''),
(84, 'rosherun-sneakerboot-qs-mercury-grey', 5, 'ROSHERUN SNEAKERBOOT QS / MERCURY GREY', NULL, '', '150.00', '', '14', 0, 1408427785, 0, 83, 'http://deadstock.ca/nike-rosherun-sneakerboot-qs-mercury-grey.html', ''),
(85, 'crocodileembossed-sneakers', 14, 'Crocodile-Embossed Sneakers', NULL, '', '765.00', '', '1', 0, 1408514154, 0, 84, 'http://www.harryrosen.com/footwear/sneakers/giuseppe-zanotti/crocodile-embossed-sneakers/p/79770022', 'Zanotti combines a love of futuristic design with the finest of Italian shoemaking heritage. The result is a shoe that is a definite work of art. Zanotti''s sneakers have a massive cult following, and the stunning details of this crocodile-embossed design make it easy to see why.\r\n\r\nLeather upper\r\nLeather lining\r\nRubber sole\r\nHigh top style\r\nDecorative laces\r\nZippers at back and outer side\r\nLeather logo patch on tongue\r\nCrocodile embossing'),
(86, 'danano-brown-yellow-pullup', 18, 'Danano Brown Yellow Pullup', NULL, '', '160.00', '', '5', 0, 1408652344, 0, 85, 'http://www.oliberte.com/shoes/danano/brown-yellow-pullup/', 'Hiker boot with padded collar. Premium African leather upper. Goat leather lining. Traditional stichdown around base. 5mm insole and 5mm jagged natural rubber outsole. Cotton-poly blend laces. Made in Ethiopia. Fair Trade Certified. Comes in brown and black'),
(87, 'danano-black-grey-pullup', 18, 'Danano Black Grey Pullup', NULL, '', '160.00', '', '1', 0, 1408652408, 0, 86, 'http://www.oliberte.com/shoes/danano/black-grey-pullup/', 'Hiker boot with padded collar. Premium African leather upper. Goat leather lining. Traditional stichdown around base. 5mm insole and 5mm jagged natural rubber outsole. Cotton-poly blend laces. Made in Ethiopia. Fair Trade Certified. Comes in brown and black'),
(88, 'nakobo-mocha-suede', 18, 'Nakobo Mocha Suede', NULL, '', '150.00', '', '5', 0, 1408652657, 0, 87, 'http://www.oliberte.com/shoes/nakobo/mocha-suede', '2-hole chukka boot with moccasin toe\r\nTraditional stitchdown around base\r\nPremium African leather upper\r\nGoat leather lining\r\n5mm insole\r\n5mm jagged natural rubber sole\r\nCotton-poly blend laces\r\nMade in Ethiopia\r\nFair Trade Certified'),
(89, 'sodoro', 18, 'Sodoro', NULL, '', '135', '', '1,5', 0, 1408653056, 0, 88, 'http://www.oliberte.com/shoes/sodoro/black-grey-pullup', 'Combat Loafer\r\nTraditional stitchdown around base\r\nPremium African leather upper\r\nGoat leather lining\r\n5mm insole\r\n4mm jagged natural rubber sole\r\nCotton-poly blend laces\r\nMade in Ethiopia\r\nFair Trade Certified '),
(90, 'narivo', 18, 'Narivo', NULL, '', '125.00', '', '4,5,14,13', 0, 1408653312, 0, 89, 'http://www.oliberte.com/shoes/narivo/brown-yellow-pullup-leather', 'Casual men''s loafer\r\nTraditional stitch-down stitching around base\r\nPremium brown/yellow pullup leather upper\r\n100% goat leather dark brown lining\r\nVegetable tanned leather midsole\r\nNatural crepe rubber outsole with wedge\r\nWater-based PU comfort insole with heel stabilizer\r\nBrown poly-blend cord laces\r\nMade in Ethiopia \r\nFair Trade Certifiedâ„¢ ');

-- --------------------------------------------------------

--
-- Table structure for table `footwear_attachments`
--

CREATE TABLE IF NOT EXISTS `footwear_attachments` (
  `id` int(11) NOT NULL AUTO_INCREMENT,
  `footwear_id` int(11) NOT NULL,
  `attachment_id` int(11) NOT NULL,
  `ordering` int(11) NOT NULL DEFAULT '1',
  `entry_datetime` int(11) NOT NULL,
  `deleted` int(1) NOT NULL DEFAULT '0',
  PRIMARY KEY (`id`)
) ENGINE=InnoDB  DEFAULT CHARSET=latin1 AUTO_INCREMENT=575 ;

--
-- Dumping data for table `footwear_attachments`
--

INSERT INTO `footwear_attachments` (`id`, `footwear_id`, `attachment_id`, `ordering`, `entry_datetime`, `deleted`) VALUES
(1, 1, 1, 1, 0, 0),
(2, 1, 2, 1, 0, 0),
(3, 1, 3, 1, 0, 0),
(4, 1, 4, 1, 0, 0),
(5, 1, 5, 1, 0, 0),
(6, 1, 6, 1, 0, 0),
(7, 1, 7, 1, 0, 0),
(8, 2, 8, 1, 0, 0),
(9, 2, 9, 1, 0, 0),
(10, 2, 10, 1, 0, 0),
(11, 2, 11, 1, 0, 0),
(12, 2, 12, 1, 0, 0),
(13, 2, 13, 1, 0, 0),
(14, 3, 14, 1, 0, 0),
(15, 3, 15, 1, 0, 0),
(16, 3, 16, 1, 0, 0),
(17, 3, 17, 1, 0, 0),
(18, 4, 18, 1, 0, 0),
(19, 4, 19, 1, 0, 0),
(20, 4, 20, 1, 0, 0),
(21, 4, 21, 1, 0, 0),
(22, 4, 22, 1, 0, 0),
(23, 4, 23, 1, 0, 0),
(24, 5, 24, 1, 0, 0),
(25, 5, 25, 1, 0, 0),
(26, 5, 26, 1, 0, 0),
(27, 5, 27, 1, 0, 0),
(28, 5, 28, 1, 0, 0),
(29, 5, 29, 1, 0, 0),
(30, 5, 30, 1, 0, 0),
(31, 6, 31, 1, 0, 0),
(32, 6, 32, 1, 0, 0),
(33, 6, 33, 1, 0, 0),
(34, 6, 34, 1, 0, 0),
(35, 6, 35, 1, 0, 0),
(36, 6, 36, 1, 0, 0),
(37, 6, 37, 1, 0, 0),
(38, 7, 38, 1, 0, 0),
(39, 7, 39, 1, 0, 0),
(40, 7, 40, 1, 0, 0),
(41, 7, 41, 1, 0, 0),
(42, 7, 42, 1, 0, 0),
(43, 7, 43, 1, 0, 0),
(44, 7, 44, 1, 0, 0),
(45, 7, 45, 1, 0, 0),
(46, 7, 46, 1, 0, 0),
(47, 8, 47, 1, 0, 0),
(48, 8, 48, 1, 0, 0),
(49, 8, 49, 1, 0, 0),
(50, 8, 50, 1, 0, 0),
(51, 8, 51, 1, 0, 0),
(52, 8, 52, 1, 0, 0),
(53, 9, 53, 1, 0, 0),
(54, 9, 54, 1, 0, 0),
(55, 9, 55, 1, 0, 0),
(56, 9, 56, 1, 0, 0),
(57, 9, 57, 1, 0, 0),
(58, 9, 58, 1, 0, 0),
(59, 10, 59, 1, 0, 0),
(60, 10, 60, 1, 0, 0),
(61, 10, 61, 1, 0, 0),
(62, 10, 62, 1, 0, 0),
(63, 10, 63, 1, 0, 0),
(64, 10, 64, 1, 0, 0),
(65, 10, 65, 1, 0, 0),
(66, 10, 66, 1, 0, 0),
(67, 11, 67, 1, 0, 0),
(68, 11, 68, 1, 0, 0),
(69, 11, 69, 1, 0, 0),
(70, 11, 70, 1, 0, 0),
(71, 11, 71, 1, 0, 0),
(72, 11, 72, 1, 0, 0),
(73, 11, 73, 1, 0, 0),
(74, 11, 74, 1, 0, 0),
(75, 12, 75, 1, 0, 0),
(76, 12, 76, 1, 0, 0),
(77, 12, 77, 1, 0, 0),
(78, 12, 78, 1, 0, 0),
(79, 12, 79, 1, 0, 0),
(80, 12, 80, 1, 0, 0),
(81, 12, 81, 1, 0, 0),
(82, 12, 82, 1, 0, 0),
(83, 13, 83, 1, 0, 0),
(84, 13, 84, 1, 0, 0),
(85, 13, 85, 1, 0, 0),
(86, 13, 86, 1, 0, 0),
(87, 13, 87, 1, 0, 0),
(88, 13, 88, 1, 0, 0),
(89, 13, 89, 1, 0, 0),
(90, 13, 90, 1, 0, 0),
(91, 14, 91, 1, 0, 0),
(92, 14, 92, 1, 0, 0),
(93, 14, 93, 1, 0, 0),
(94, 14, 94, 1, 0, 0),
(95, 14, 95, 1, 0, 0),
(96, 14, 96, 1, 0, 0),
(97, 14, 97, 1, 0, 0),
(98, 15, 98, 1, 0, 0),
(99, 15, 99, 1, 0, 0),
(100, 15, 100, 1, 0, 0),
(101, 15, 101, 1, 0, 0),
(102, 15, 102, 1, 0, 0),
(103, 15, 103, 1, 0, 0),
(104, 15, 104, 1, 0, 0),
(105, 16, 105, 1, 0, 0),
(106, 16, 106, 1, 0, 0),
(107, 16, 107, 1, 0, 0),
(108, 16, 108, 1, 0, 0),
(109, 16, 109, 1, 0, 0),
(110, 16, 110, 1, 0, 0),
(111, 16, 111, 1, 0, 0),
(112, 17, 112, 1, 0, 0),
(113, 17, 113, 1, 0, 0),
(114, 17, 114, 1, 0, 0),
(115, 17, 115, 1, 0, 0),
(116, 17, 116, 1, 0, 0),
(117, 17, 117, 1, 0, 0),
(118, 17, 118, 1, 0, 0),
(119, 18, 119, 1, 0, 0),
(120, 18, 120, 1, 0, 0),
(121, 18, 121, 1, 0, 0),
(122, 18, 122, 1, 0, 0),
(123, 18, 123, 1, 0, 0),
(124, 18, 124, 1, 0, 0),
(125, 18, 125, 1, 0, 0),
(126, 19, 126, 1, 0, 0),
(127, 19, 127, 1, 0, 0),
(128, 19, 128, 1, 0, 0),
(129, 19, 129, 1, 0, 0),
(130, 19, 130, 1, 0, 0),
(131, 19, 131, 1, 0, 0),
(132, 19, 132, 1, 0, 0),
(133, 19, 133, 1, 0, 0),
(134, 20, 134, 1, 0, 0),
(135, 20, 135, 1, 0, 0),
(136, 20, 136, 1, 0, 0),
(137, 20, 137, 1, 0, 0),
(138, 20, 138, 1, 0, 0),
(139, 20, 139, 1, 0, 0),
(140, 20, 140, 1, 0, 0),
(141, 21, 141, 1, 0, 0),
(142, 22, 142, 1, 0, 0),
(143, 22, 143, 1, 0, 0),
(144, 22, 144, 1, 0, 0),
(145, 22, 145, 1, 0, 0),
(146, 22, 146, 1, 0, 0),
(147, 22, 147, 1, 0, 0),
(148, 22, 148, 1, 0, 0),
(149, 22, 149, 1, 0, 0),
(150, 22, 150, 1, 0, 0),
(151, 23, 151, 1, 0, 0),
(152, 23, 152, 1, 0, 0),
(153, 23, 153, 1, 0, 0),
(154, 23, 154, 1, 0, 0),
(155, 23, 155, 1, 0, 0),
(156, 23, 156, 1, 0, 0),
(157, 23, 157, 1, 0, 0),
(158, 23, 158, 1, 0, 0),
(159, 23, 159, 1, 0, 0),
(160, 26, 160, 1, 0, 0),
(161, 27, 161, 1, 0, 0),
(162, 27, 162, 1, 0, 0),
(163, 27, 163, 1, 0, 0),
(164, 27, 164, 1, 0, 0),
(165, 27, 165, 1, 0, 0),
(166, 27, 166, 1, 0, 0),
(167, 27, 167, 1, 0, 0),
(168, 28, 168, 1, 0, 0),
(169, 28, 169, 1, 0, 0),
(170, 28, 170, 1, 0, 0),
(171, 28, 171, 1, 0, 0),
(172, 28, 172, 1, 0, 0),
(173, 28, 173, 1, 0, 0),
(174, 28, 174, 1, 0, 0),
(175, 29, 175, 1, 0, 0),
(176, 29, 176, 1, 0, 0),
(177, 29, 177, 1, 0, 0),
(178, 29, 178, 1, 0, 0),
(179, 29, 179, 1, 0, 0),
(180, 29, 180, 1, 0, 0),
(181, 29, 181, 1, 0, 0),
(182, 30, 182, 1, 0, 0),
(183, 30, 183, 1, 0, 0),
(184, 30, 184, 1, 0, 0),
(185, 30, 185, 1, 0, 0),
(186, 30, 186, 1, 0, 0),
(187, 30, 187, 1, 0, 0),
(188, 31, 188, 1, 0, 0),
(189, 31, 189, 1, 0, 0),
(190, 31, 190, 1, 0, 0),
(191, 31, 191, 1, 0, 0),
(192, 31, 192, 1, 0, 0),
(193, 31, 193, 1, 0, 0),
(194, 31, 194, 1, 0, 0),
(195, 32, 195, 1, 0, 0),
(196, 32, 196, 1, 0, 0),
(197, 32, 197, 1, 0, 0),
(198, 32, 198, 1, 0, 0),
(199, 32, 199, 1, 0, 0),
(200, 32, 200, 1, 0, 0),
(201, 32, 201, 1, 0, 0),
(202, 33, 202, 1, 0, 0),
(203, 33, 203, 1, 0, 0),
(204, 33, 204, 1, 0, 0),
(205, 33, 205, 1, 0, 0),
(206, 33, 206, 1, 0, 0),
(207, 33, 207, 1, 0, 0),
(208, 33, 208, 1, 0, 0),
(209, 34, 209, 1, 0, 0),
(210, 34, 210, 1, 0, 0),
(211, 34, 211, 1, 0, 0),
(212, 34, 212, 1, 0, 0),
(213, 34, 213, 1, 0, 0),
(214, 34, 214, 1, 0, 0),
(215, 34, 215, 1, 0, 0),
(216, 35, 216, 1, 0, 0),
(217, 35, 217, 1, 0, 0),
(218, 35, 218, 1, 0, 0),
(219, 35, 219, 1, 0, 0),
(220, 35, 220, 1, 0, 0),
(221, 35, 221, 1, 0, 0),
(222, 35, 222, 1, 0, 0),
(223, 36, 223, 1, 0, 0),
(224, 36, 224, 1, 0, 0),
(225, 36, 225, 1, 0, 0),
(226, 36, 226, 1, 0, 0),
(227, 36, 227, 1, 0, 0),
(228, 36, 228, 1, 0, 0),
(229, 36, 229, 1, 0, 0),
(230, 37, 230, 1, 0, 0),
(231, 37, 231, 1, 0, 0),
(232, 37, 232, 1, 0, 0),
(233, 37, 233, 1, 0, 0),
(234, 37, 234, 1, 0, 0),
(235, 37, 235, 1, 0, 0),
(236, 37, 236, 1, 0, 0),
(237, 37, 237, 1, 0, 0),
(238, 38, 238, 1, 0, 0),
(239, 38, 239, 1, 0, 0),
(240, 38, 240, 1, 0, 0),
(241, 38, 241, 1, 0, 0),
(242, 38, 242, 1, 0, 0),
(243, 38, 243, 1, 0, 0),
(244, 38, 244, 1, 0, 0),
(245, 39, 245, 1, 0, 0),
(246, 39, 246, 1, 0, 0),
(247, 39, 247, 1, 0, 0),
(248, 39, 248, 1, 0, 0),
(249, 39, 249, 1, 0, 0),
(250, 39, 250, 1, 0, 0),
(251, 39, 251, 1, 0, 0),
(252, 40, 252, 1, 0, 0),
(253, 40, 253, 1, 0, 0),
(254, 40, 254, 1, 0, 0),
(255, 40, 255, 1, 0, 0),
(256, 41, 256, 1, 0, 0),
(257, 41, 257, 1, 0, 0),
(258, 41, 258, 1, 0, 0),
(259, 41, 259, 1, 0, 0),
(260, 41, 260, 1, 0, 0),
(261, 41, 261, 1, 0, 0),
(262, 41, 262, 1, 0, 0),
(263, 41, 263, 1, 0, 0),
(264, 42, 264, 1, 0, 0),
(265, 42, 265, 1, 0, 0),
(266, 42, 266, 1, 0, 0),
(267, 42, 267, 1, 0, 0),
(268, 42, 268, 1, 0, 0),
(269, 42, 269, 1, 0, 0),
(270, 42, 270, 1, 0, 0),
(271, 42, 271, 1, 0, 0),
(272, 43, 272, 1, 0, 0),
(273, 43, 273, 1, 0, 0),
(274, 43, 274, 1, 0, 0),
(275, 43, 275, 1, 0, 0),
(276, 43, 276, 1, 0, 0),
(277, 43, 277, 1, 0, 0),
(278, 43, 278, 1, 0, 0),
(279, 43, 279, 1, 0, 0),
(280, 44, 280, 1, 0, 0),
(281, 44, 281, 1, 0, 0),
(282, 44, 282, 1, 0, 0),
(283, 44, 283, 1, 0, 0),
(284, 44, 284, 1, 0, 0),
(285, 44, 285, 1, 0, 0),
(286, 44, 286, 1, 0, 0),
(287, 45, 287, 1, 0, 0),
(288, 45, 288, 1, 0, 0),
(289, 45, 289, 1, 0, 0),
(290, 45, 290, 1, 0, 0),
(291, 45, 291, 1, 0, 0),
(292, 45, 292, 1, 0, 0),
(293, 45, 293, 1, 0, 0),
(294, 45, 294, 1, 0, 0),
(295, 46, 295, 1, 0, 0),
(296, 46, 296, 1, 0, 0),
(297, 46, 297, 1, 0, 0),
(298, 46, 298, 1, 0, 0),
(299, 46, 299, 1, 0, 0),
(300, 46, 300, 1, 0, 0),
(301, 47, 301, 1, 0, 0),
(302, 47, 302, 1, 0, 0),
(303, 47, 303, 1, 0, 0),
(304, 47, 304, 1, 0, 0),
(305, 47, 305, 1, 0, 0),
(306, 47, 306, 1, 0, 0),
(307, 47, 307, 1, 0, 0),
(308, 48, 308, 1, 0, 0),
(309, 48, 309, 1, 0, 0),
(310, 48, 310, 1, 0, 0),
(311, 48, 311, 1, 0, 0),
(312, 48, 312, 1, 0, 0),
(313, 48, 313, 1, 0, 0),
(314, 48, 314, 1, 0, 0),
(315, 49, 315, 1, 0, 0),
(316, 49, 316, 1, 0, 0),
(317, 49, 317, 1, 0, 0),
(318, 49, 318, 1, 0, 0),
(319, 49, 319, 1, 0, 0),
(320, 49, 320, 1, 0, 0),
(321, 50, 321, 1, 0, 0),
(322, 50, 322, 1, 0, 0),
(323, 50, 323, 1, 0, 0),
(324, 50, 324, 1, 0, 0),
(325, 50, 325, 1, 0, 0),
(326, 50, 326, 1, 0, 0),
(327, 50, 327, 1, 0, 0),
(328, 50, 328, 1, 0, 0),
(329, 51, 329, 1, 0, 0),
(330, 51, 330, 1, 0, 0),
(331, 51, 331, 1, 0, 0),
(332, 51, 332, 1, 0, 0),
(333, 51, 333, 1, 0, 0),
(334, 52, 334, 1, 0, 0),
(335, 52, 335, 1, 0, 0),
(336, 52, 336, 1, 0, 0),
(337, 52, 337, 1, 0, 0),
(338, 52, 338, 1, 0, 0),
(339, 52, 339, 1, 0, 0),
(340, 52, 340, 1, 0, 0),
(341, 53, 341, 1, 0, 0),
(342, 53, 342, 1, 0, 0),
(343, 53, 343, 1, 0, 0),
(344, 53, 344, 1, 0, 0),
(345, 53, 345, 1, 0, 0),
(346, 54, 346, 1, 0, 0),
(347, 54, 347, 1, 0, 0),
(348, 54, 348, 1, 0, 0),
(349, 54, 349, 1, 0, 0),
(350, 54, 350, 1, 0, 0),
(351, 54, 351, 1, 0, 0),
(352, 54, 352, 1, 0, 0),
(353, 54, 353, 1, 0, 0),
(354, 55, 354, 1, 0, 0),
(355, 55, 355, 1, 0, 0),
(356, 55, 356, 1, 0, 0),
(357, 55, 357, 1, 0, 0),
(358, 55, 358, 1, 0, 0),
(359, 55, 359, 1, 0, 0),
(360, 55, 360, 1, 0, 0),
(361, 55, 361, 1, 0, 0),
(362, 56, 362, 1, 0, 0),
(363, 56, 363, 1, 0, 0),
(364, 56, 364, 1, 0, 0),
(365, 56, 365, 1, 0, 0),
(366, 56, 366, 1, 0, 0),
(367, 56, 367, 1, 0, 0),
(368, 56, 368, 1, 0, 0),
(369, 57, 369, 1, 0, 0),
(370, 57, 370, 1, 0, 0),
(371, 57, 371, 1, 0, 0),
(372, 57, 372, 1, 0, 0),
(373, 57, 373, 1, 0, 0),
(374, 57, 374, 1, 0, 0),
(375, 57, 375, 1, 0, 0),
(376, 57, 376, 1, 0, 0),
(377, 58, 377, 1, 0, 0),
(378, 58, 378, 1, 0, 0),
(379, 58, 379, 1, 0, 0),
(380, 58, 380, 1, 0, 0),
(381, 58, 381, 1, 0, 0),
(382, 58, 382, 1, 0, 0),
(383, 58, 383, 1, 0, 0),
(384, 59, 384, 1, 0, 0),
(385, 59, 385, 1, 0, 0),
(386, 59, 386, 1, 0, 0),
(387, 59, 387, 1, 0, 0),
(388, 59, 388, 1, 0, 0),
(389, 59, 389, 1, 0, 0),
(390, 60, 390, 1, 0, 0),
(391, 60, 391, 1, 0, 0),
(392, 60, 392, 1, 0, 0),
(393, 60, 393, 1, 0, 0),
(394, 60, 394, 1, 0, 0),
(395, 61, 395, 1, 0, 0),
(396, 61, 396, 1, 0, 0),
(397, 61, 397, 1, 0, 0),
(398, 61, 398, 1, 0, 0),
(399, 61, 399, 1, 0, 0),
(400, 61, 400, 1, 0, 0),
(401, 62, 401, 1, 0, 0),
(402, 62, 402, 1, 0, 0),
(403, 62, 403, 1, 0, 0),
(404, 62, 404, 1, 0, 0),
(405, 62, 405, 1, 0, 0),
(406, 62, 406, 1, 0, 0),
(407, 62, 407, 1, 0, 0),
(408, 62, 408, 1, 0, 0),
(409, 63, 409, 1, 0, 0),
(410, 63, 410, 1, 0, 0),
(411, 63, 411, 1, 0, 0),
(412, 63, 412, 1, 0, 0),
(413, 63, 413, 1, 0, 0),
(414, 63, 414, 1, 0, 0),
(415, 63, 415, 1, 0, 0),
(416, 64, 416, 1, 0, 0),
(417, 64, 417, 1, 0, 0),
(418, 64, 418, 1, 0, 0),
(419, 64, 419, 1, 0, 0),
(420, 64, 420, 1, 0, 0),
(421, 64, 421, 1, 0, 0),
(422, 64, 422, 1, 0, 0),
(423, 64, 423, 1, 0, 0),
(424, 65, 424, 1, 0, 0),
(425, 65, 425, 1, 0, 0),
(426, 65, 426, 1, 0, 0),
(427, 65, 427, 1, 0, 0),
(428, 65, 428, 1, 0, 0),
(429, 65, 429, 1, 0, 0),
(430, 65, 430, 1, 0, 0),
(431, 65, 431, 1, 0, 0),
(432, 66, 432, 1, 0, 0),
(433, 66, 433, 1, 0, 0),
(434, 66, 434, 1, 0, 0),
(435, 66, 435, 1, 0, 0),
(436, 66, 436, 1, 0, 0),
(437, 66, 437, 1, 0, 0),
(438, 66, 438, 1, 0, 0),
(439, 67, 439, 1, 0, 0),
(440, 67, 440, 1, 0, 0),
(441, 67, 441, 1, 0, 0),
(442, 67, 442, 1, 0, 0),
(443, 67, 443, 1, 0, 0),
(444, 67, 444, 1, 0, 0),
(445, 67, 445, 1, 0, 0),
(446, 67, 446, 1, 0, 0),
(447, 68, 447, 1, 0, 0),
(448, 68, 448, 1, 0, 0),
(449, 68, 449, 1, 0, 0),
(450, 68, 450, 1, 0, 0),
(451, 68, 451, 1, 0, 0),
(452, 68, 452, 1, 0, 0),
(453, 68, 453, 1, 0, 0),
(454, 68, 454, 1, 0, 0),
(455, 69, 455, 1, 0, 0),
(456, 69, 456, 1, 0, 0),
(457, 69, 457, 1, 0, 0),
(458, 69, 458, 1, 0, 0),
(459, 69, 459, 1, 0, 0),
(460, 69, 460, 1, 0, 0),
(461, 69, 461, 1, 0, 0),
(462, 70, 462, 1, 0, 0),
(463, 70, 463, 1, 0, 0),
(464, 70, 464, 1, 0, 0),
(465, 70, 465, 1, 0, 0),
(466, 70, 466, 1, 0, 0),
(467, 70, 467, 1, 0, 0),
(468, 70, 468, 1, 0, 0),
(469, 71, 469, 1, 0, 0),
(470, 71, 470, 1, 0, 0),
(471, 71, 471, 1, 0, 0),
(472, 71, 472, 1, 0, 0),
(473, 71, 473, 1, 0, 0),
(474, 71, 474, 1, 0, 0),
(475, 71, 475, 1, 0, 0),
(476, 72, 476, 1, 0, 0),
(477, 72, 477, 1, 0, 0),
(478, 72, 478, 1, 0, 0),
(479, 72, 479, 1, 0, 0),
(480, 72, 480, 1, 0, 0),
(481, 72, 481, 1, 0, 0),
(482, 72, 482, 1, 0, 0),
(483, 72, 483, 1, 0, 0),
(484, 73, 484, 1, 0, 0),
(485, 73, 485, 1, 0, 0),
(486, 73, 486, 1, 0, 0),
(487, 73, 487, 1, 0, 0),
(488, 74, 488, 1, 0, 0),
(489, 74, 489, 1, 0, 0),
(490, 74, 490, 1, 0, 0),
(491, 74, 491, 1, 0, 0),
(492, 75, 492, 1, 0, 0),
(493, 75, 493, 1, 0, 0),
(494, 75, 494, 1, 0, 0),
(495, 75, 495, 1, 0, 0),
(496, 75, 496, 1, 0, 0),
(497, 75, 497, 1, 0, 0),
(498, 75, 498, 1, 0, 0),
(499, 76, 499, 1, 0, 0),
(500, 76, 500, 1, 0, 0),
(501, 76, 501, 1, 0, 0),
(502, 76, 502, 1, 0, 0),
(503, 76, 503, 1, 0, 0),
(504, 77, 504, 1, 0, 0),
(505, 78, 505, 1, 0, 0),
(506, 78, 506, 1, 0, 0),
(507, 78, 507, 1, 0, 0),
(508, 78, 508, 1, 0, 0),
(509, 78, 509, 1, 0, 0),
(510, 79, 510, 1, 0, 0),
(511, 79, 511, 1, 0, 0),
(512, 79, 512, 1, 0, 0),
(513, 79, 513, 1, 0, 0),
(514, 79, 514, 1, 0, 0),
(515, 80, 515, 1, 0, 0),
(516, 80, 516, 1, 0, 0),
(517, 81, 517, 1, 0, 0),
(518, 81, 518, 1, 0, 0),
(519, 81, 519, 1, 0, 0),
(520, 81, 520, 1, 0, 0),
(521, 81, 521, 1, 0, 0),
(522, 81, 522, 1, 0, 0),
(523, 82, 523, 1, 0, 0),
(524, 82, 524, 1, 0, 0),
(525, 82, 525, 1, 0, 0),
(526, 82, 526, 1, 0, 0),
(527, 82, 527, 1, 0, 0),
(528, 82, 528, 1, 0, 0),
(529, 82, 529, 1, 0, 0),
(530, 83, 530, 1, 0, 0),
(531, 83, 531, 1, 0, 0),
(532, 83, 532, 1, 0, 0),
(533, 83, 533, 1, 0, 0),
(534, 83, 534, 1, 0, 0),
(535, 84, 535, 1, 0, 0),
(536, 84, 536, 1, 0, 0),
(537, 84, 537, 1, 0, 0),
(538, 84, 538, 1, 0, 0),
(539, 84, 539, 1, 0, 0),
(540, 84, 540, 1, 0, 0),
(541, 84, 541, 1, 0, 0),
(542, 85, 542, 1, 0, 0),
(543, 85, 543, 1, 0, 0),
(544, 85, 544, 1, 0, 0),
(545, 85, 545, 1, 0, 0),
(546, 85, 546, 1, 0, 0),
(547, 86, 590, 1, 0, 0),
(548, 86, 591, 1, 0, 0),
(549, 86, 592, 1, 0, 0),
(550, 86, 593, 1, 0, 0),
(551, 87, 594, 1, 0, 0),
(552, 87, 595, 1, 0, 0),
(553, 87, 596, 1, 0, 0),
(554, 87, 597, 1, 0, 0),
(555, 88, 598, 1, 0, 0),
(556, 88, 599, 1, 0, 0),
(557, 88, 600, 1, 0, 0),
(558, 88, 601, 1, 0, 0),
(559, 89, 602, 1, 0, 0),
(560, 89, 603, 1, 0, 0),
(561, 89, 604, 1, 0, 0),
(562, 89, 605, 1, 0, 0),
(563, 89, 606, 1, 0, 0),
(564, 89, 607, 1, 0, 0),
(565, 89, 608, 1, 0, 0),
(566, 90, 609, 1, 0, 0),
(567, 90, 610, 1, 0, 0),
(568, 90, 611, 1, 0, 0),
(569, 90, 612, 1, 0, 0),
(570, 90, 613, 1, 0, 0),
(571, 90, 614, 1, 0, 0),
(572, 90, 615, 1, 0, 0),
(573, 90, 616, 1, 0, 0),
(574, 90, 617, 1, 0, 0);

-- --------------------------------------------------------

--
-- Table structure for table `frontpages`
--

CREATE TABLE IF NOT EXISTS `frontpages` (
  `id` int(11) NOT NULL AUTO_INCREMENT,
  `slider` int(1) NOT NULL DEFAULT '0',
  `position` int(1) NOT NULL DEFAULT '0',
  `type` varchar(50) NOT NULL,
  `parent_id` int(11) NOT NULL,
  `entry_datetime` int(11) NOT NULL,
  `deleted` int(1) NOT NULL DEFAULT '0',
  `ordering` int(11) NOT NULL DEFAULT '1',
  PRIMARY KEY (`id`)
) ENGINE=InnoDB  DEFAULT CHARSET=latin1 AUTO_INCREMENT=16 ;

--
-- Dumping data for table `frontpages`
--

INSERT INTO `frontpages` (`id`, `slider`, `position`, `type`, `parent_id`, `entry_datetime`, `deleted`, `ordering`) VALUES
(7, 1, 0, 'article', 3, 0, 0, 0),
(8, 1, 0, 'article', 1, 0, 0, 1),
(9, 0, 1, 'gallery', 2, 0, 0, 2),
(10, 1, 0, 'article', 2, 0, 0, 3),
(11, 0, 2, 'article', 4, 0, 0, 4),
(12, 0, 3, 'article', 5, 0, 0, 5),
(13, 0, 4, 'gallery', 1, 0, 0, 6),
(14, 0, 5, 'article', 6, 0, 0, 7),
(15, 1, 0, 'article', 7, 0, 0, 8);

-- --------------------------------------------------------

--
-- Table structure for table `galleries`
--

CREATE TABLE IF NOT EXISTS `galleries` (
  `id` int(11) NOT NULL AUTO_INCREMENT,
  `author_name` varchar(255) NOT NULL,
  `title` varchar(255) NOT NULL,
  `description` text NOT NULL,
  `slug` varchar(100) NOT NULL,
  `entry_datetime` int(11) NOT NULL,
  `deleted` int(1) NOT NULL DEFAULT '0',
  `ordering` int(11) NOT NULL DEFAULT '1',
  `publish_date` int(9) NOT NULL DEFAULT '0',
  PRIMARY KEY (`id`),
  UNIQUE KEY `title` (`title`),
  UNIQUE KEY `title_2` (`title`)
) ENGINE=InnoDB  DEFAULT CHARSET=latin1 AUTO_INCREMENT=4 ;

--
-- Dumping data for table `galleries`
--

INSERT INTO `galleries` (`id`, `author_name`, `title`, `description`, `slug`, `entry_datetime`, `deleted`, `ordering`, `publish_date`) VALUES
(1, 'Yao Wang', 'Pavement', 'Capturing individuals around the city', 'pavement', 1408599179, 0, 0, 1408599179),
(2, 'Jayscale', 'Jayscale', 'Photography by Jayscale and styled by Christina Cheng showcasing lifestyle with various brands like Stussy, Nike, Undefeated and The Legends League.', 'jayscale', 1408601344, 0, 1, 1408601344),
(3, 'Jamal Burger and Saul Wang', 'Origin', 'FoundMissing.ca launches at Hermann & Audrey August 21st with friends, family, and local business partners.', 'origin', 1408988143, 0, 2, 1408988143);

-- --------------------------------------------------------

--
-- Table structure for table `gallery_attachments`
--

CREATE TABLE IF NOT EXISTS `gallery_attachments` (
  `id` int(11) NOT NULL AUTO_INCREMENT,
  `gallery_id` int(11) NOT NULL,
  `attachment_id` int(11) NOT NULL,
  `entry_datetime` int(11) NOT NULL,
  `deleted` int(1) NOT NULL DEFAULT '0',
  PRIMARY KEY (`id`)
) ENGINE=InnoDB  DEFAULT CHARSET=latin1 AUTO_INCREMENT=93 ;

--
-- Dumping data for table `gallery_attachments`
--

INSERT INTO `gallery_attachments` (`id`, `gallery_id`, `attachment_id`, `entry_datetime`, `deleted`) VALUES
(1, 1, 547, 0, 0),
(2, 1, 548, 0, 0),
(3, 1, 549, 0, 0),
(4, 1, 550, 0, 0),
(5, 1, 551, 0, 0),
(6, 1, 552, 0, 0),
(7, 1, 553, 0, 0),
(8, 1, 554, 0, 0),
(9, 1, 555, 0, 0),
(10, 1, 556, 0, 0),
(11, 1, 557, 0, 0),
(12, 1, 558, 0, 0),
(13, 1, 559, 0, 0),
(14, 1, 560, 0, 0),
(15, 1, 561, 0, 0),
(16, 1, 562, 0, 0),
(17, 1, 563, 0, 0),
(18, 1, 564, 0, 0),
(19, 1, 565, 0, 0),
(20, 1, 566, 0, 0),
(21, 1, 567, 0, 0),
(22, 1, 568, 0, 0),
(23, 1, 569, 0, 0),
(24, 1, 570, 0, 0),
(25, 1, 571, 0, 0),
(26, 1, 572, 0, 0),
(27, 1, 573, 0, 0),
(28, 1, 574, 0, 0),
(29, 2, 575, 0, 0),
(30, 2, 576, 0, 0),
(31, 2, 577, 0, 0),
(32, 2, 578, 0, 0),
(33, 2, 579, 0, 0),
(34, 2, 580, 0, 0),
(35, 2, 581, 0, 0),
(36, 2, 582, 0, 0),
(37, 2, 583, 0, 0),
(38, 2, 584, 0, 0),
(39, 2, 585, 0, 0),
(40, 2, 586, 0, 0),
(41, 2, 587, 0, 0),
(42, 2, 588, 0, 0),
(43, 2, 589, 0, 0),
(44, 3, 618, 0, 0),
(45, 3, 619, 0, 0),
(46, 3, 620, 0, 0),
(47, 3, 621, 0, 0),
(48, 3, 622, 0, 0),
(49, 3, 623, 0, 0),
(50, 3, 624, 0, 0),
(51, 3, 625, 0, 0),
(52, 3, 626, 0, 0),
(53, 3, 627, 0, 0),
(54, 3, 628, 0, 0),
(55, 3, 629, 0, 0),
(56, 3, 630, 0, 0),
(57, 3, 631, 0, 0),
(58, 3, 632, 0, 0),
(59, 3, 633, 0, 0),
(60, 3, 634, 0, 0),
(61, 3, 635, 0, 0),
(62, 3, 636, 0, 0),
(63, 3, 637, 0, 0),
(64, 3, 638, 0, 0),
(65, 3, 639, 0, 0),
(66, 3, 640, 0, 0),
(67, 3, 641, 0, 0),
(68, 3, 642, 0, 0),
(69, 3, 643, 0, 0),
(70, 3, 644, 0, 0),
(71, 3, 645, 0, 0),
(72, 3, 646, 0, 0),
(73, 3, 647, 0, 0),
(74, 3, 648, 0, 0),
(75, 3, 649, 0, 0),
(76, 3, 650, 0, 0),
(77, 3, 651, 0, 0),
(78, 3, 652, 0, 0),
(79, 3, 653, 0, 0),
(80, 3, 654, 0, 0),
(81, 3, 655, 0, 0),
(82, 3, 656, 0, 0),
(83, 3, 657, 0, 0),
(84, 3, 658, 0, 0),
(85, 3, 659, 0, 0),
(86, 3, 660, 0, 0),
(87, 3, 661, 0, 0),
(88, 3, 662, 0, 0),
(89, 3, 663, 0, 0),
(90, 3, 664, 0, 0),
(91, 3, 665, 0, 0),
(92, 3, 666, 0, 0);

-- --------------------------------------------------------

--
-- Table structure for table `interviews`
--

CREATE TABLE IF NOT EXISTS `interviews` (
  `id` int(11) NOT NULL AUTO_INCREMENT,
  `entry_datetime` int(11) NOT NULL,
  `deleted` int(1) NOT NULL DEFAULT '0',
  `author_name` varchar(55) NOT NULL,
  `title` varchar(100) NOT NULL,
  `slug` varchar(100) NOT NULL,
  `excerpt` text NOT NULL,
  `body` text NOT NULL,
  `main_image` varchar(255) NOT NULL,
  `ordering` int(11) NOT NULL DEFAULT '1',
  `publish_date` int(9) NOT NULL DEFAULT '0',
  PRIMARY KEY (`id`)
) ENGINE=InnoDB DEFAULT CHARSET=latin1 AUTO_INCREMENT=1 ;

-- --------------------------------------------------------

--
-- Table structure for table `newsletters`
--

CREATE TABLE IF NOT EXISTS `newsletters` (
  `id` int(11) NOT NULL AUTO_INCREMENT,
  `entry_datetime` int(11) NOT NULL,
  `deleted` int(1) NOT NULL DEFAULT '0',
  `ordering` int(11) NOT NULL DEFAULT '1',
  `title` varchar(250) DEFAULT NULL,
  `body` text NOT NULL,
  PRIMARY KEY (`id`)
) ENGINE=InnoDB  DEFAULT CHARSET=latin1 AUTO_INCREMENT=2 ;

--
-- Dumping data for table `newsletters`
--

INSERT INTO `newsletters` (`id`, `entry_datetime`, `deleted`, `ordering`, `title`, `body`) VALUES
(1, 1411939429, 0, 0, 'FoundMissing Mens Online Footwear Experience', '<body leftmargin="0" marginwidth="0" topmargin="0" marginheight="0" offset="0" style="margin: 0px; padding: 0px; background-color: rgb(241, 242, 242); height: 100% !important; width: 100% !important;">\r\n<center>\r\n<!--OUTER WRAPPER-->                 \r\n<table align="center" border="0" cellpadding="0" cellspacing="0" height="100%" width="100%" id="bodyTable" style="border-collapse: collapse;mso-table-lspace: 0pt;mso-table-rspace: 0pt;-ms-text-size-adjust: 100%;-webkit-text-size-adjust: 100%;margin: 0;padding: 0;background-color: #F2F2F2;height: 100% !important;width: 100% !important;">\r\n<tbody><tr>\r\n<td align="center" valign="top" id="bodyCell" style="mso-table-lspace: 0pt;mso-table-rspace: 0pt;-ms-text-size-adjust: 100%;-webkit-text-size-adjust: 100%;margin: 0;padding: 20px 0px;border-top: 0;height: 100% !important;width: 100% !important;">\r\n                    \r\n<!--BEGIN ONE COLUMN-->                 \r\n<table border="0" cellpadding="0" cellspacing="0" width="600" id="templateContainer" style="border-collapse: collapse;mso-table-lspace: 0pt;mso-table-rspace: 0pt;-ms-text-size-adjust: 100%;-webkit-text-size-adjust: 100%;border: 0;">\r\n<tbody>\r\n\r\n<!--HEADER-->                 \r\n<tr><td style="background-color:#EC1C3A; width:100%; height:auto; padding:15px;">\r\n<center><img src="http://i.imgur.com/JMhD2nZ.png" alt="fm logo"></center>\r\n</td>\r\n</tr>\r\n\r\n\r\n<!--CONTENT-->                 \r\n<tr><td style="background-color:#ffffff; width:520px; height:auto; padding:35px 40px;">\r\n<br />\r\n<h5>Welcome to FoundMissing.</h5><br />\r\n\r\n<p>FoundMissing is an exclusive gentlemanâ€™s platform that invites the voice of consumers to footwear products from all over the globe. Your favourite brands now have the opportunity to be assessed, critiqued and evaluated by none other than yourselves. With this essential element to your future purchases on the market, we are looking for ways to increase the FM network to generate more feedback and inclusiveness to the future of footwear culture.\r\n</p>\r\n<a style="text-decoration:none;color:#EC1C3A;" href="http://vimeo.com/103876429" target="blank">\r\n<img src="http://i.imgur.com/KRc2kEn.gif" width="520" height="130" alt="FM Origin" style="margin:1.6em 0 0.6em 0;" />\r\n</a>\r\n</td>\r\n</tr>\r\n<!--CLOSE ONE COLUMN-->                 \r\n    </tbody>\r\n    </table>\r\n    \r\n<!--ORIGIN-->\r\n<table border="0" cellpadding="0" cellspacing="0" width="600" style="height:auto;background-color:#232B2B;">\r\n<tbody>\r\n<tr>\r\n<td>               \r\n<img src="http://i.imgur.com/9N777oV.gif" width="600" height="169" alt="origin" />\r\n</td>\r\n</tr>\r\n<!--CLOSE ORIGIN-->\r\n    </tbody>\r\n    </table>\r\n    \r\n    \r\n    \r\n    \r\n    \r\n    \r\n<!--RAFFLE WINNERS INTRO-->\r\n<table border="0" cellpadding="0" cellspacing="0" width="600" style="background-color:#232B2B; height:auto;">\r\n<tbody>\r\n<tr>\r\n<td style="padding:0px 40px;">\r\n<p style="color:#A0A6A6; margin-top:1.2em;">We thank you, our friends, family and local business partners for your support and in making our launch event a huge success. With great people, music and over 100 attendees all registered, we are on our way to building one of the strongest footwear platforms on the net. We are excited beyond belief to have you on board as we deliver an online menâ€™s fashion and footwear experience unlike any other.</p>\r\n\r\n<p style="color:#A0A6A6;">Congratulations to all the raffle winners, sponsored by our amazing partners <i>Livestock, Oliberte</i> and <i>GravityPope!</i>\r\n</p>\r\n</td>\r\n</tr>\r\n</tbody>\r\n</table>\r\n\r\n\r\n<!--TRIPLE COLUMNS-->                 \r\n<table border="0" cellpadding="0" cellspacing="0" width="600" style="background-color:#232B2B; height:auto;">\r\n<tbody>\r\n\r\n        \r\n<!--RAFFLE WINNERS-->     \r\n<tr>\r\n		<td width="24">Â </td>             \r\n\r\n<td width="180" valign:"top">\r\n<h6 style="color:#f2f2f2;margin:0.8em 0;">\r\nMichael Frutti<br />\r\nAlison Dyer<br />\r\nNikki Phung</h6>\r\n</td>\r\n		<td width="28">Â </td>             \r\n\r\n<td width="180" valign:"top">\r\n<h6 style="color:#f2f2f2;margin:1.8em 0;">\r\nYvonne Kwan<br />\r\nPietro Mondino<br />\r\nEric Slyfield<br />\r\nJacques Yaakoub</h6>\r\n		<td width="28">Â </td>\r\n        \r\n<td width="180" valign:"top">\r\n<h6 style="color:#f2f2f2;margin:0.8em 0;">\r\nJoshua Din<br />\r\nSharmarke Abdi<br />\r\nDouglas Owusu</h6>\r\n<td width="28">Â </td>     \r\n</tr>\r\n\r\n<!--CLOSE COLUMNS--> \r\n    </tbody>\r\n    </table>\r\n\r\n\r\n\r\n<!--PANEL SHADOW\r\n<table border="0" cellpadding="0" cellspacing="0" width="600" style="background-color:#fff; height:auto;">\r\n<tbody>\r\n<tr>\r\n<img src="http://i.imgur.com/Fo018zf.gif" width="600" height="8" alt="shadow" />\r\n</tr>\r\n</tbody>\r\n</table>--> \r\n\r\n    \r\n<!--APP PIC-->\r\n<table border="0" cellpadding="0" cellspacing="0" width="600" style="height:auto;margin-top:1em">\r\n<tbody>\r\n<tr>\r\n<td>               \r\n<a style="text-decoration:none;color:#EC1C3A;" href="https://play.google.com/store/apps/details?id=ca.foundmissing.mobile">\r\n<img src="http://i.imgur.com/o7W2wxb.gif" width="600" height="169" alt="fm app" />\r\n</a>\r\n</td>\r\n</tr>\r\n<!--CLOSE APP PIC-->\r\n    </tbody>\r\n    </table>\r\n    \r\n    \r\n<!--PANEL SHADOW\r\n<table border="0" cellpadding="0" cellspacing="0" width="600" style="background-color:#fff; height:auto;">\r\n<tbody>\r\n<tr>\r\n<img src="http://i.imgur.com/Fo018zf.gif" width="600" height="8" alt="shadow" />\r\n</tr>\r\n</tbody>\r\n</table>--> \r\n\r\n\r\n\r\n<!--VOCAB -->    \r\n<table border="0" cellpadding="0" cellspacing="0" width="600" style="height:auto; margin-top:.8em; margin-bottom:2px;">\r\n<tbody>            \r\n<tr><td style="background-color:#ffffff; width:520px; height:auto; padding:35px 40px;">\r\n<a style="text-decoration:none;color:#EC1C3A;" href="http://vimeo.com/103974883" target="blank">\r\n<img src="http://i.imgur.com/9P8ifYg.gif" width="520" height="130" alt="a-z shoe vocabulary" style="margin-bottom:0.6em" />\r\n</a>\r\n<h3 style="margin-bottom:1em">A-Z SHOE VOCABULARY</h3>\r\n<p>Check out our Shoe Vocabulary feature, an ongoing visual component in which we will run through, from A to Z, different components that make up the very shoes on your feet. \r\n</p>\r\n\r\n    </tbody>\r\n    </table>\r\n\r\n\r\n\r\n<!--DUB COLUMNS-->                 \r\n<table border="0" cellpadding="0" cellspacing="0" width="600" style="background-color:#fff; height:auto;">\r\n<tbody>\r\n\r\n        \r\n<!--ARTICLES-->     \r\n<tr>\r\n		<td width="24">Â </td>             \r\n\r\n<td width="260" valign:"top" style="vertical-align: top;">\r\n<a style="text-decoration:none; color:#EC1C3A;" href="http://foundmissing.ca/articles/origin">\r\n<img src="http://i.imgur.com/o6WpndS.gif" width="260" height="200" alt="origin article" style="margin-top:1.8em;margin-bottom:0.2em;"/>\r\n<h3>ORIGIN</h3>\r\n</a>\r\n<p style="margin:1.8em 0;">\r\nOrigin is a personal letter from FMâ€™s Founder David Bremang who talks about the most influential and challenging moments. Origin is his open diary, allowing his consumers to know more about the personalities and dedication behind the brand.\r\n\r\n</p>\r\n\r\n</td>\r\n		<td width="28">Â </td>             \r\n\r\n<td width="260" valign:"top" style="vertical-align: top;">\r\n<a style="text-decoration:none;color:#EC1C3A;" href="http://foundmissing.ca/articles/livestock-the-birth-of-canadas-footwear-hub">\r\n<img src="http://i.imgur.com/NxzxL1U.gif" width="260" height="200" alt="livestock article" style="margin-top:1.8em;margin-bottom:0.2em;"/>\r\n<h3>LIVESTOCK: THE BIRTH OF CANADA''S FOOTWEAR HUB</h3>\r\n</a>\r\n<p style="margin:1.8em 0;">\r\nFM features one of the most prominent sneaker stores in Canada. Livestock owner Gary Bone, talks about his start in the footwear world and how his company has become a powerhouse in providing consumers with the best attire. He even reveals new initiative and brands. </p>\r\n		<td width="28">Â </td>\r\n\r\n</tr>\r\n\r\n<!--CLOSE COLUMNS--> \r\n    </tbody>\r\n    </table>\r\n\r\n\r\n\r\n\r\n<!--CLOSE OUTER WRAPPER-->                 \r\n</td>\r\n</tr>\r\n</tbody>\r\n</table>\r\n</center>\r\n</body>');

-- --------------------------------------------------------

--
-- Table structure for table `notifications`
--

CREATE TABLE IF NOT EXISTS `notifications` (
  `id` int(11) NOT NULL AUTO_INCREMENT,
  `recipient_id` int(11) NOT NULL,
  `sender_id` int(11) DEFAULT NULL,
  `activity_type` varchar(25) NOT NULL,
  `object_url` varchar(255) NOT NULL,
  `entry_datetime` int(11) NOT NULL,
  `is_unread` int(1) DEFAULT '1',
  PRIMARY KEY (`id`),
  KEY `recipient_id` (`recipient_id`)
) ENGINE=InnoDB DEFAULT CHARSET=latin1 AUTO_INCREMENT=1 ;

-- --------------------------------------------------------

--
-- Table structure for table `pages`
--

CREATE TABLE IF NOT EXISTS `pages` (
  `id` int(11) NOT NULL AUTO_INCREMENT,
  `title` varchar(255) NOT NULL,
  `slug` varchar(100) NOT NULL,
  `body` text NOT NULL,
  `entry_datetime` int(11) NOT NULL,
  `deleted` int(1) NOT NULL DEFAULT '0',
  `ordering` int(11) NOT NULL DEFAULT '1',
  PRIMARY KEY (`id`)
) ENGINE=InnoDB  DEFAULT CHARSET=latin1 AUTO_INCREMENT=9 ;

--
-- Dumping data for table `pages`
--

INSERT INTO `pages` (`id`, `title`, `slug`, `body`, `entry_datetime`, `deleted`, `ordering`) VALUES
(1, 'About Us', 'about-us', 'FoundMissing\r\n\r\nAs you find something, the ravenous cycle of fashion leaves us wanting more. Our collections grow but every piece inspires something new, that one thing missing to make your collection complete.\r\n\r\n\r\nProblem\r\n\r\nâ€¨â€¨Footwear in general is fragmented and displayed across the web in such a way that is is difficult for one to be able to search for a specific hard to find shoe, whether they would like to find information on the product or purchase it. Although, we are not an online store, it our duty to direct you to the information and reach of purchase. â€¨â€¨\r\n\r\nSolution\r\n\r\nâ€¨â€¨FoundMissing solves the search/hunting problem by working closely with selected brands on providing the newest detailed product information that is specifically catered to their preferences. FoundMissing exists to fill the void on allowing viewers to express their opinions on select shoes and provide an ease of access to purchasing the end product.\r\n\r\nCopyright Â© 2014 FoundMissing. All rights reserved. ', 1376084166, 0, 0),
(2, 'Careers', 'careers', 'You feel you have the talent to work with FoundMissing ? If so please give us a shout at \r\n\r\njobs@foundmissing.ca\r\n\r\n', 1376084337, 0, 2),
(3, 'Privacy', 'privacy', 'The following Privacy Policy covers all the websites (â€œwebsitesâ€) owned, affiliated or operated by FoundMissing. (â€œFoundMissingâ€, â€œweâ€, â€œusâ€, â€œourâ€). It is our goal to bring you information tailored to your personal interests but, at the same time, protect your privacy. Please read the following to learn more about our privacy policy.\r\n\r\nBy visiting FoundMising websites, submitting information or using any of our products and services, you are accepting the practiced outlined in this Privacy Policy.\r\n\r\nThis Privacy Policy covers FoundMissingâ€™s treatment of personal information that FoundMissing gathers when you are on our websites and when you are using FoundMissing services. Also, this Privacy Policy covers FoundMissingâ€™s treatment of any personal information that FoundMissingâ€™s business partners share with us. This Privacy Policy does not cover information collected elsewhere, including without limitation offline and on sites linked to and from the website as well as the practices of third parties that FoundMissing does not control or own, or individuals that FoundMissing does not employ or manage.\r\n\r\nIn addition to reviewing this Privacy Policy, please read our User Agreement. Your use of our websites constitutes agreement to its terms and conditions as well.\r\n\r\nThis Privacy Policy may be modified from time to time so check back often. Continued access of our websites by you will constitute your acceptance of the changes or revisions to the Privacy Policy.\r\n\r\n1. Introduction\r\n\r\nThank you for visiting FoundMissing. This Privacy Policy is written to better explain how we collect and use your information. This Privacy Policy is a binding contract and you must agree to it to the same extent as our Terms and Conditions in order to use our services.\r\n\r\n2. Information You Provide to Us\r\n\r\nThe website generally collects personally identifying information with your specific knowledge and consent. This includes but is not limited to when you register for our forums, enter a sweepstakes and complete a survey. You can choose not to provide us with certain information, but you may not be able to take advantage of many of our special features such as posting on our forums. - Registration: In order to use select parts of our websites such as the database, you must complete a registration form. As part of this registration forum, we require your email address, name, city of origin, gender, shoe size, and date of birth. Optional information such as your referrer or time zone may also be requested.\r\n\r\n3. Personal Information We Collect When You Buy from Us\r\n\r\nIn order for you to place an order with us, you must provide us your name, e-mail address, mailing address, date of birth, Paypal information and telephone number. We will not disclose any information that you provide to us except in accordance with the provisions of this Privacy Policy.\r\n\r\n4. Automatic Information\r\n\r\nOur servers may automatically collect information about your computer when you visit our websites, including without limitation the website that referred you, your Internet Protocol (â€œIPâ€) and other usage and traffic information. FoundMissing uses this statistical information to analyze trends, gather demographic information and administer our websites so we may provide improved web experiences to our readers. The information is not in a manner that would identify you personally. We may provide statistical information, not personal information, to our partners about how our users, collectively use our websites. We share this information to our partners, so that they may further understand the usage of their areas and our websites, so that they too could provide you with a better web experience. There may also be occasion when we are legally required to provide access to our database in order to cooperate with police investigations or other legal proceedings. In those instances, the information is provided only for that purpose.\r\n\r\n5. Use of Information\r\n\r\nWe may use your information:\r\n\r\nTo enhance or improve user experience, the website, or service.\r\nTo process transactions and sell, transfer, and exchange your information to a third party for their marketing purposes with no additional consent.\r\nTo send e-mails about the site or respond to inquiries.\r\nTo send e-mails about the website and other products, news, or updates for FoundMissing.ca.\r\nTo send e-mails about third partiesâ€™ products or services.\r\n\r\n6. Cookies\r\n\r\nIn order to distinguish you from other usersâ€”especially other users on the same network as you â€” we need to use cookies to track your specific computer. Specifically, we use cookies to save your preferences, keep track of advertisements, and remember your shopping cart items. Additionally, our cookies may be accessible by third parties, or provided by third parties. For these reasons we require that you keep cookies enabled when using our website.\r\n\r\n7. Third Party Websites\r\n\r\nWe may link to third party websites from our own website. We have no control over, and are not responsible for, these third party websites or their use of your personal information. We recommend that you review their privacy policies and other agreements governing your use of their website.\r\n\r\n8. Third Party Access to Your Information\r\n\r\nWe protect your information from being accessed by third parties. However, since we may employ outside maintenance personnel or use a third party to host our material, there are third party entities which may have custody or access to your information. Because of this, it is necessary that you permit us to give access to your information to third parties to the same extent that you authorize us to do so. For greater certainty, every authorization which you grant to us in this Privacy Policy, you also grant to any third party that we may hire, contract, or otherwise retain the services of for the purpose of operating, maintaining, repairing, or otherwise improving or preserving our website or its underlying files or systems. You agree not to hold us liable for the actions of any of these third parties, even if we would normally be held vicariously liable for their actions, and that you must take legal action against them directly should they commit any tort or other actionable wrong against you. Additionally, we may store your information or share it with certain other third parties for reason that may or may not be related to maintenance, advertising, marketing, or other purposes related to our business. The following is a non-exhaustive list of other entities that we may store, share, or transfer your information with:\r\n\r\nGoogle Analytics\r\nParse.ly\r\n\r\n9. Marketing & Communication\r\n\r\nWhen registering for a FoundMissing database account, you will be given the option to opt-in to updates through the FoundMissing newsletter  ''new in'' and promotional emails. If you would prefer to opt-out from these e-mail, you can do so at any time by using the unsubscribe link at the bottom of the e-mail.\r\n\r\n10. Law Enforcement\r\n\r\nWe may disclose your information to a third party where we believe, in good faith, that it is desirable to do so for the purposes of a civil action, criminal investigation, or other legal matter. In the event that we receive a subpoena affecting your privacy, we may elect to notify you to give you an opportunity to file a motion to quash the subpoena, or we may attempt to quash it ourselves, but we are not obligated to do either.\r\n\r\n11. Security of Information\r\n\r\nWe use SSL certificates to help secure our website. However, we make no representations as to the security or privacy of your information. It is in our interest to keep our website secure, but we recommend that you use anti-virus software, firewalls, and other precautions to protect yourself from security threats.\r\n\r\n12. Amendments\r\n\r\nWe may amend this Privacy Policy from time to time, and the amended version will be posted on our website in place of the old version. We will also include the date that the currently displayed Privacy Policy took effect to help you determine whether there have been any changes since you last used our website. Like our Terms of Service, you must visit this page each time you come to our website and read and agree to it if the date it was last modified is more recent than the last time you agreed to the Privacy Policy. If you do not agree to the new Privacy Policy, you must immediately cease using our service.\r\n\r\n13. Contact\r\n\r\nAny inquiries about your rights under this Privacy Policy, or any other matters regarding your privacy, can be directed to info@foundmissing.ca', 1376084353, 0, 4),
(4, 'Legal Terms', 'legal-terms', '1. Introduction\r\n\r\nWelcome to FoundMissing.ca, a body corporate doing business in Ontario, Canada. This document constitutes a legally-binding agreement ("Agreement") governing the terms of providing you with our service. Throughout this document, the words "FoundMissing," "FoundMissing," "us," "we," and "our," refer to us, our website, FoundMissing.ca, or our service, FoundMissing, as is appropriate in the context of the use of the words. Likewise, the words "you" and "your" refer to you, the person who is being presented with this document for your agreement.\r\n\r\nBy registering for our website as a member, you are agreeing to receive regular newsletters and marketing related emails from FoundMissing. Should you wish to be removed from our email list, you can unsubscribe or terminate your account any time.\r\n\r\n2. Description of Service\r\n\r\nFoundMissing solves the search/hunting problem by working closely with selected brands on providing the newest detailed product information that is specifically catered to their preferences. FoundMissing exists to fill the void on allowing viewers to express their opinions on select shoes and provide an ease of access to purchasing the end product.\r\n\r\n3. Information Supplied\r\n\r\nWhen using our website and reviewing footwear, you will provide your name, e-mail address,city of origin, date of birth, shoe size, gender.\r\n\r\nIn addition to providing us with the above information about yourself, you must be eighteen years of age or older, or, if a higher minimum age of contractual capacity exists in your jurisdiction, you must be at least that age. Additionally, you represent to us that you are not otherwise considered to be under a disability to enter into a contract with us, whether it be because of an embargo in or against your jurisdiction or any other reason.\r\n\r\n4. Image Terms of Use\r\n\r\nEditors typically include images as part of their blog posts and the images that they are authorized to use is the following:\r\n\r\nImages that are licensed from vendors\r\nImages that are supplied to our editors or released into the public domain by public relations and marketing companies for press or other purposes\r\nImages that are supplied by readers, with the implied representation that the person submitting the image owns the copyright in the image and the right to give it to us for use on our site\r\nImages that are published on Photobucket or other public photos sites with licenses granted under Creative Commons, with attribution in accordance with the CC license granted in each case\r\nImages that are commissioned by FoundMissing\r\nImages that we believe to be covered by the Fair Use Doctrine, such as:\r\nThumbnail images of 150 x 150 pixels or less, cropped or reduced in size from the original source\r\nImages that are used to illustrate a newsworthy story, where the image itself tells a story\r\nImages used in a transformative manner, such as parody\r\nImages that are widely distributed that they have become part of the news\r\nIf FoundMissing receives any notice that an image is posted up inappropriately such as not keeping with the terms listed above, we reserve the right to remove that image.\r\n\r\nIf you think we have published an image or text that violates your copyright, we will address your concerns; however, if the image falls into one of the listed categories above and we believe that our use of the image is legitimate, we will not remove it from the site.\r\n\r\n5. Payment\r\n\r\nYou may pay for our services using Paypal. When providing credit card information, the credit card must be your own. If the credit card does not belong to you, you must have permission from the accountholder to use their card for your transactions.\r\n\r\nWe do not accept personal checks, money orders or direct bank transfers. Please note, items will not be shipped until the transaction has been cleared.\r\n\r\nAny use of fraudulent chargebacks simply to get free merchandise is not only strictly prohibited, but also criminal fraud, and will be dealt with by reporting such chargebacks to your local police department and a credit bureau, as well as referring the matter to a court of competent jurisdiction.\r\n\r\n6. Price Changes & Stock Availability\r\n\r\nPrices are subject to change without prior notice.\r\n\r\nWhile we endeavor to provide you with the most accurate and up-to-date information, occasionally ordered items may not be available as listed.\r\n\r\nIn the case that part of your order is unavailable or out of stock, the item(s) will be cancelled from the order with notification and where applicable, a refund shall be applied for the cost of the regarding item(s).\r\n\r\nFoundMissing ensures that all our product descriptions and prices are up-to-date and as accurate as possible. However, in few cases, pricing errors may occur with our listings. Should we discover a pricing error while processing your order and payment, we will immediately rectify the problem before cancelling and refunding you for your order. We will also make sure to inform you about the error with your order as soon as possible.\r\n\r\n7. Promotional & Store Credit Codes\r\n\r\nWhere a promotional code is required for an offer or discounted price, the code should be entered during the checkout process.\r\n\r\nCustomers should take care when entering codes, checking that the offer/credit has been applied. Should you find that the code is unapplicable or invalid, please refer to the specific conditions for the code as the promotion may have already expired. Should you have difficulty in applying store credit to your order, please contact us via e-mail at info@hypebeast.com, Monday to Friday, 10:00am to 6:00pm (Toronto time) for assistance.\r\n\r\n8. Discounts, Sales & Promotions\r\n\r\nFrom time to time, FoundMissing may offer discounts and/or promotions. Discount, sales and/or promotional offers and prices are only applicable when checking out whilst the offer is still valid. Time restrictions will be stated where applicable. FoundMissing reserves the right to amend, extend or terminate these offers at an earlier date without prior notice. For those who purchased over 24 hours before the sale, price adjustments will not be made. For those who purchased within 24 hours, we can refund the discount being offered at the time.\r\n\r\n9. Rules of Conduct\r\n\r\nWe host a review section as well as blogs that we may permit you to comment on. As a part of using our website, you must not:\r\n\r\nPost anything that violates any applicable law, foreign or domestic.\r\nPost anything defamatory, violent, pornographic, hateful, racist, or otherwise objectionable. We have the sole right to determine what is objectionable.\r\nHack, crack, phish, SQL inject, or otherwise threaten or actually harm the security of our systems or those of our users.\r\nInfringe on the intellectual property rights of anyone.\r\nDo anything that infringes on the rights of us or a third party.\r\nCreate more than one account, use another personâ€™s account, or allow another person to use your account.\r\nEngage in unsolicited marketing activities, whether commercial or non-commercial, on our forum or through its private messaging service, or on our blog comments section, or anywhere else on our website.\r\nAdvertise on our website without our permission.\r\nImpersonate another person or organization.\r\nPost any links to content which would, if posted on our own website, violate these Rules of Conduct.\r\nWe reserve the right to terminate our service to you for reasons other than those listed here. We may terminate your account without explanation.\r\n\r\n10. Communications Decency Act\r\n\r\nAs we are located in Toronto, we have certain defenses available to us for liability for defamation posted on our website by third parties, such as in our forums or on our blog.\r\n\r\nOur Rules of Conduct prohibit defamation from being published on our website. In order to complain about defamatory material on our website, please notify us with full details of where the defamation is located on our website (provide us with the URL), your name, and an explanation of how the material is defamatory. We will respond within a reasonable time and, if it appears that there are grounds to believe the material is defamatory, we will remove it. You may send your request to info@foundmissing.ca.\r\n\r\n\r\n11. Contest Disclaimer\r\n\r\nThe maximum number of entries per person allowed during the contest period is as the contest has specified. Any attempt by a person to submit more than the stated maximum number of entries will be disqualified from participation in this contest. FoundMissing are not responsible for lost, late, incomplete, invalid, unintelligible, illegible, misdirected or postage-due entries, which will be disqualified. By participating, all entrants agree to abide by these official contest rules.\r\n\r\nIn consideration for your participation in the contest, the individual, group, organization, business, spectator, or other, does hereby release and forever discharge the FoundMissing, and its officers, board and employees, jointly and severally from any and all actions, cause of actions, claim and demands for, upon or by reason of any damage, loss or injury including death, which hereafter may be sustained by participating in the contest.\r\n\r\nThis release extends and applies to, and also covers and includes, all unknown, unforeseen, unanticipated and unsuspected injuries, damages, loss and liability and the consequences thereof including death, as well as those now disclosed and know to exist. The provision of any state, federal, local or territorial law or state providing substance that releases shall not extend to claims, demands, injuries, or damages which are know or unsuspected to exist at this time, to the person executing such release, are hereby expressly waived.\r\n\r\nIt is further understood and agreed that said participation in the contest not to be construed as an admission of any liability and acceptance of assumption of responsibility by FoundMissing, its officers, board and employees, jointly and severally, for all damages and expenses for which the FoundMissing , its officers, board and employees, become liable as a result of any alleged act of the parade participant.\r\n\r\nThe prize is non-transferable and cannot be exchanged for cash.\r\n\r\nFoundMissing reserves the right to offer alternative prize if any prize is not available or under special situation.\r\n\r\n12. Disclaimer\r\n\r\nWe do not actively screen blog comments and forum posts before they are uploaded to our website by third parties. As a part of your acceptance of this Agreement, you release us from any liability for the actions of third parties on our website, whether or not we would otherwise normally be held liable for such words under the laws of Ontario or any other jurisdiction.\r\n\r\n13. Copyright\r\n\r\nYou agree not to copy, distribute, display, disseminate, or otherwise reproduce any of the information on our website, or our website itself, without our prior written permission. This includes, but is not limited to, a prohibition on aggregating product information reviews and forum content made available on our website.\r\n\r\n14. Trademarks\r\n\r\n"FoundMissing" is a trademark used by us, FoundMissing, to uniquely identify our website, business, and service. You agree not to use this phrase anywhere without our prior written consent. Additionally, you agree not to use our trade dress, or copy the look and feel of our website or its design, without our prior written consent. You agree that this paragraph goes beyond the governing law on intellectual property law, and includes prohibitions on any competition that violates the provisions of this paragraph.\r\n\r\n15. Revocation of Consent\r\n\r\nWhere FoundMissing has given prior written consent for your use of our protected material in accordance with our above â€œCopyrightâ€ and â€œTrademarksâ€ provisions, we may revoke that consent at any time. If we so request, we may require that you immediately take action to remove from circulation, display, publication, or other dissemination, any of the marks, copyrighted content, or other materials that we previously consented for you to use.\r\n\r\n16. Notification of Changes\r\n\r\nWhenever FoundMissing changes its Terms of Use, changes will be posted to ensure users are aware of the new changes.\r\n\r\n17. Contact Information\r\n\r\nIf you have any questions, concerns or notices of violations to these terms and conditions, please contact the editor of FoundMissing by sending an email to info@foundmissing.ca\r\n', 1376084367, 0, 3),
(5, 'Contact Us', 'contact-us', 'For general inquiries collaborations, advertising opportunities on the site.\r\nPlease email:\r\n \r\ninfo@foundmissing.ca', 1376084379, 0, 5),
(6, 'Branding', 'branding', '<link rel="stylesheet" href="/css/pages.css"><div id="wrapper"><div class="panel"><h2>Our Logo</h2><hr /><h3>Grab one, it''s free! Just don''t be a jabronie â€“ please don''t mess with it.<br />These all come in a folder with EPS and PNG files of different sizes. <a href="images/twoople-logos.zip">Click here</a> to download everything at once.<br /><br /><div class="arrow-down"></div> This is the primary FoundMissing logo. Try to use this one whenever you can.</h3><div class="logowrapper" style="margin-top: 0px;"><div id="logo-p"><center><img src="/images/fm-primarywhitetrans-64.png" width="372" height="64" alt="foundmissing primary logo red"/></center><a href="images/twoople-primary.zip"><div class="download"></div></a></div></div><div class="logowrapper" id="half" style="margin-right:2.5%;"><div id="logo-s"><center><img src="/images/fm-sectrans-128.png" width="178" height="128" alt="foundmissing secondary logo" /></center><a href="images/twoople-secondary.zip"><div class="download"></div></a></div><div class="description" id="half"><h3><div class="arrow-up"></div> This is our secondary logo. When things get too tight on space, use this guy.</h3></div></div><div class="logowrapper" id="half"><div id="logo-i"><center><img src="/images/fm-redtrans-128.png" width="128" height="128" alt="foundmissing icon" /></center><a href="images/twoople-icon.zip"><div class="download"></div></a></div><div class="description" id="half"><h3><div class="arrow-up"></div> Use these icons for UI stuff and instances with limited space.</h3></div></div></div><div class="panel" style="padding-top: 50px; margin-top:40px;"><h2>Colour</h2><hr /><h3>These are our primary and supporting colours.</h3><div class="colour" id="fmred"><div class="colourinner"><h3>FM Infrared</h3><h4>HEX	#EC1C3A<br />RGB	236, 28, 58<br />CMYK	1, 99, 80, 0<br />PMS	1788 C</h4></div></div><div class="colour" id="fmdgrey"><div class="colourinner"><h3>Dark Grey</h3><h4>HEX	#535858<br />RGB	83, 88, 88<br />CMYK	66, 54, 55, 29</h4></div></div><div class="colour" id="fmgrey"><div class="colourinner"><h3>Grey</h3><h4>HEX	#A0A6A6<br />RGB	160, 166, 166<br />CMYK	40, 29, 31, 0</h4></div></div><div class="colour" id="fmlgrey"><div class="colourinner"><h3>Light Grey</h3><h4>HEX	#F1F2F2<br />RGB	241, 242, 242<br />CMYK	4, 2, 3, 0</h4></div></div><div class="colour2" id="fmwhite"><div class="colourinner"></div></div><div class="colour2" id="fmcharles"><div class="colourinner"><h3>Charleston Green</h3><h4>HEX	#232B2B<br/>RGB	35, 43, 43<br/>CMYK	76, 63, 64, 66</h4></div></div><div class="colour2" id="fmpink"><div class="colourinner"><h3>Pink</h3><h4>HEX	#F27F98<br />RGB	242, 127, 152<br />CMYK	66, 54, 55, 29</h4></div></div><div class="colour2" id="fmgreen"><div class="colourinner"><h3>Green</h3><h4>HEX	#66CC33<br/>RGB	102, 204, 51<br/>CMYK	76, 63, 64, 66</h4></div></div></div><div class="panel"><h2>Spacing</h2><hr /><h3>Keep it spacy.<br />When placing the FM logo, try and keep around an icon''s worth of padding between it and adjacent elements.</h3><center><img src="/images/fm-safearea.png" width="500" height="128" alt="foundmissing safe area" /></center></div><div class="panel"><h2>Typography</h2><hr /><h3>We use Georgia for copy, Verdana for the real tiny stuff, and <a href="http://www.jlee.ca/rigby.html">Rigby</a> for titling.</h3><div class="typespec" style="margin-top:40px;"><h2 style="font-family: Verdana; margin-bottom:-5px;">Verdana</h2><h3 style="font-family: Verdana; letter-spacing:2.5px; font-size:16px; margin-bottom:-5px;">A B C D E F G H I J K L M N O P Q R S T U V W X Y Z</h3><h3 style="font-family: Verdana; letter-spacing:3.5px; font-size:16px; margin-bottom:-5px;">a b c d e f g h i j k l m n o p q r s t u v w x y z</h3><h3 style="font-family: Verdana; letter-spacing:3.7px; font-size:16px; margin-bottom:-5px;">0 1 2 3 4 5 6 7 8 9 + - = ! @ # $ % ^ & * ( : ? </h3></div><div class="typespec"><h2 style="font-family: Georgia; margin-bottom:-5px;">Georgia</h2><h3 style="font-family: Georgia; letter-spacing:3.5px; font-size:16px; margin-bottom:-5px;">A B C D E F G H I J K L M N O P Q R S T U V W X Y Z</h3><h3 style="font-family: Georgia; letter-spacing:5px; font-size:16px; margin-bottom:-5px;">a b c d e f g h i j k l m n o p q r s t u v w x y z</h3><h3 style="font-family: Georgia; letter-spacing:5.5px; font-size:16px; margin-bottom:-5px;">0 1 2 3 4 5 6 7 8 9 + - = ! @ # $ % ^ & * ( : ? </h3></div><div class="typespec"><h2 style="font-family: rigby; margin-bottom:-5px;">Rigby</h2><h3 style="font-family: rigby; letter-spacing:4px; font-size:16px; margin-bottom:-5px;">A B C D E F G H I J K L M N O P Q R S T U V W X Y Z</h3><h3 style="font-family: rigby; letter-spacing:5.2px; font-size:16px; margin-bottom:-5px;">a b c d e f g h i j k l m n o p q r s t u v w x y z</h3><h3 style="font-family: rigby; letter-spacing:6px; font-size:16px; margin-bottom:-5px;">0 1 2 3 4 5 6 7 8 9 + - = ! @ # $ % ^ & * ( : ? </h3></div></div></div>', 1401664164, 0, 1),
(7, 'Partners', 'partners', '<a href="http://deadstock.ca" target="_blank"><img src="http://i62.tinypic.com/ivznlj.jpg" border="0" alt="Livestock/Deadstock"></a>', 1401664264, 0, 6),
(8, 'Advertising', 'advertising', 'adf', 1401664277, 1, 7);

-- --------------------------------------------------------

--
-- Table structure for table `reviews`
--

CREATE TABLE IF NOT EXISTS `reviews` (
  `id` int(11) NOT NULL AUTO_INCREMENT,
  `user_id` int(11) NOT NULL,
  `title` varchar(255) NOT NULL,
  `slug` varchar(255) NOT NULL,
  `excerpt` varchar(150) NOT NULL,
  `body` text NOT NULL,
  `shoe_id` int(11) NOT NULL,
  `cover_image` varchar(100) NOT NULL,
  `entry_datetime` int(11) NOT NULL,
  `deleted` int(1) NOT NULL DEFAULT '0',
  `ordering` int(1) NOT NULL DEFAULT '1',
  `publish_date` int(9) NOT NULL DEFAULT '0',
  PRIMARY KEY (`id`)
) ENGINE=InnoDB DEFAULT CHARSET=latin1 AUTO_INCREMENT=1 ;

-- --------------------------------------------------------

--
-- Table structure for table `stores`
--

CREATE TABLE IF NOT EXISTS `stores` (
  `id` int(11) NOT NULL AUTO_INCREMENT,
  `title` varchar(100) DEFAULT NULL,
  `description` text,
  `ordering` int(11) NOT NULL DEFAULT '1',
  `deleted` int(1) NOT NULL DEFAULT '0',
  PRIMARY KEY (`id`)
) ENGINE=InnoDB  DEFAULT CHARSET=latin1 AUTO_INCREMENT=23 ;

--
-- Dumping data for table `stores`
--

INSERT INTO `stores` (`id`, `title`, `description`, `ordering`, `deleted`) VALUES
(1, 'Chippewa', '', 0, 1),
(2, 'Sebago', '', 1, 1),
(3, 'Puma', '', 2, 1),
(4, 'Under Armour', '', 3, 1),
(5, 'CNCPTS', '', 4, 1),
(6, 'The Bay', '', 5, 1),
(7, 'Amazon', '', 6, 1),
(8, 'Foot Locker', '', 7, 1),
(9, 'K-Swiss', '', 8, 1),
(10, 'Karmaloop', '', 9, 1),
(11, 'Pick Your Shoes', '', 10, 1),
(12, 'The Pop Shop', '', 11, 1),
(13, 'The Shoe Company', '', 12, 1),
(14, 'Livestock ', '', 0, 0),
(15, 'Nrml', '', 1, 0),
(16, 'Capsule', '', 2, 0),
(17, 'Serpentine ', '', 3, 0),
(18, 'Adrift ', '', 4, 0),
(19, 'Get Outside', '', 5, 0),
(20, 'Off The Hook', '', 6, 0),
(21, 'Nomad', '', 7, 0),
(22, 'Haven ', '', 8, 0);

-- --------------------------------------------------------

--
-- Table structure for table `styles`
--

CREATE TABLE IF NOT EXISTS `styles` (
  `id` int(11) NOT NULL AUTO_INCREMENT,
  `title` varchar(100) DEFAULT NULL,
  `category_id` int(1) NOT NULL,
  `description` text,
  `ordering` int(11) NOT NULL DEFAULT '1',
  `deleted` int(1) NOT NULL DEFAULT '0',
  PRIMARY KEY (`id`)
) ENGINE=InnoDB  DEFAULT CHARSET=latin1 AUTO_INCREMENT=16 ;

--
-- Dumping data for table `styles`
--

INSERT INTO `styles` (`id`, `title`, `category_id`, `description`, `ordering`, `deleted`) VALUES
(1, 'Basketball', 1, '', 1, 0),
(2, 'Cross-Trainer', 1, '', 2, 0),
(3, 'Skate', 1, '', 4, 0),
(4, 'Casual', 1, '', 6, 0),
(5, 'Runner', 1, 'Shoes for vegans', 9, 0),
(6, 'Chukka', 2, '', 5, 0),
(7, 'Hiker ', 2, '', 5, 0),
(8, 'Winter ', 2, '', 8, 0),
(9, 'Above Ankle', 2, '', 7, 0),
(10, 'Dress Boots', 2, '', 3, 0),
(11, 'Oxford', 3, '', 0, 0),
(12, 'Monk', 3, NULL, 1, 0),
(13, 'Derby', 3, NULL, 1, 0),
(14, 'Loafer', 3, NULL, 1, 0),
(15, 'Other', 3, NULL, 1, 0);

-- --------------------------------------------------------

--
-- Table structure for table `subscribers`
--

CREATE TABLE IF NOT EXISTS `subscribers` (
  `id` int(11) NOT NULL AUTO_INCREMENT,
  `entry_datetime` int(11) NOT NULL,
  `deleted` int(1) NOT NULL DEFAULT '0',
  `ordering` int(11) NOT NULL DEFAULT '1',
  `name` varchar(100) NOT NULL,
  `email` varchar(100) NOT NULL,
  PRIMARY KEY (`id`),
  UNIQUE KEY `email` (`email`)
) ENGINE=InnoDB  DEFAULT CHARSET=latin1 AUTO_INCREMENT=373 ;

--
-- Dumping data for table `subscribers`
--

INSERT INTO `subscribers` (`id`, `entry_datetime`, `deleted`, `ordering`, `name`, `email`) VALUES
(1, 1411935311, 0, 0, '', 'mike@foundmissing.ca'),
(2, 1411935291, 0, 1, '', 'david.bremang@foundmissing.ca'),
(3, 1411935291, 0, 2, '', 'james@foundmissing.ca'),
(4, 1411935291, 0, 3, '', 'admin@foundmissing.ca'),
(5, 1411935291, 0, 4, '', 'david.condotta@foundmissing.ca'),
(6, 1411935291, 0, 5, '', 'Sarinahamamgi@gmail.com'),
(7, 1411935291, 0, 6, '', 'nathan_robinson@live.com'),
(8, 1411935291, 0, 7, '', 'Jonathanbattick@gmail.com'),
(9, 1411935291, 0, 8, '', 'G.ciarmela@gmail.com'),
(10, 1411935291, 0, 9, '', 'josh_17jd@hotmail.com'),
(11, 1411935291, 0, 10, '', 'jjuman@live.ca'),
(12, 1411935291, 0, 11, '', 'whizmessam@gmail.com'),
(13, 1411935291, 0, 12, '', 'kramsaythames@gmail.com'),
(14, 1411935291, 0, 13, '', 'surajprashad@gmail.com'),
(15, 1411935291, 0, 14, '', 'dicksonsm2@hotmail.com'),
(16, 1411935291, 0, 15, '', 'yvonne.kwan67@gmail.com'),
(17, 1411935291, 0, 16, '', 'Laurenxxashley@hotmail.com'),
(18, 1411935291, 0, 17, '', 'thalia416@gmail.com'),
(19, 1411935291, 0, 18, '', 'Anan4320@mylaurier.ca'),
(20, 1411935291, 0, 19, '', 'lheechun@gmail.com'),
(21, 1411935291, 0, 20, '', 'Anniet@gmail.com'),
(22, 1411935291, 0, 21, '', 'Jaefaded@hotmail.com'),
(23, 1411935291, 0, 22, '', 'yasirnomani1@gmail.com'),
(24, 1411935291, 0, 23, '', '7thxkind@gmail.com'),
(25, 1411935291, 0, 24, '', 'Royden_94@hotmail.com'),
(26, 1411935291, 0, 25, '', 'shayan@foundmissing.ca'),
(27, 1411935291, 0, 26, '', 'nigelabeckford@gmail.com'),
(28, 1411935291, 0, 27, '', 'Jm.burgess2@gmail.com'),
(29, 1411935291, 0, 28, '', 'emanuel@gravitypope.com'),
(30, 1411935291, 0, 29, '', 'Sham71@hotmail.com'),
(31, 1411935291, 0, 30, '', 'k.racco@hotmail.com'),
(32, 1411935291, 0, 31, '', 'J_fuentes05@hotmail.com'),
(33, 1411935291, 0, 32, '', 'alexandravital22@yahoo.ca'),
(34, 1411935291, 0, 33, '', 'Errol.olorvida@gmail.com'),
(35, 1411935291, 0, 34, '', 'dby@foundmissing.ca'),
(36, 1411935291, 0, 35, '', 'Cateryna5@hotmail.com'),
(37, 1411935291, 0, 36, '', 'dby@live.ca'),
(38, 1411935291, 0, 37, '', 'believedreamsdl@gmail.com'),
(39, 1411935291, 0, 38, '', 'vickieatthemall@hotmail.com'),
(40, 1411935291, 0, 39, '', 'winston_k@yahoo.com'),
(41, 1411935291, 0, 40, '', 'Fullyjoey@me.com'),
(42, 1411935291, 0, 41, '', 'nikki_phung@hotmail.com'),
(43, 1411935292, 0, 42, '', 'jennifer_phung@hotmail.com'),
(44, 1411935292, 0, 43, '', 'brittany.mello@outlook.com'),
(45, 1411935292, 0, 44, '', 'Sade.powell@hotmail.ca'),
(46, 1411935292, 0, 45, '', 'mike_frutti@live.ca'),
(47, 1411935292, 0, 46, '', 'fharris84@yahoo.com'),
(48, 1411935292, 0, 47, '', 'angela.s.lentini@hotmail.com'),
(49, 1411935292, 0, 48, '', 'tomnguyen905@hotmail.com'),
(50, 1411935292, 0, 49, '', 'adjoa.s.atuahene@gmail.com'),
(51, 1411935292, 0, 50, '', 'eddie93_4@hotmail.com'),
(52, 1411935292, 0, 51, '', 'Jermaine.lewis@rci.rogers.com'),
(53, 1411935292, 0, 52, '', 'Bluestyle057_@hotmail.com'),
(54, 1411935292, 0, 53, '', 'sethdyermusic@gmail.com'),
(55, 1411935292, 0, 54, '', 'Nik_nikki19@hotmail.com'),
(56, 1411935292, 0, 55, '', 'nafissapinas@hotmail.ca'),
(57, 1411935292, 0, 56, '', 'allison.dyer@hotmail.com'),
(58, 1411935292, 0, 57, '', 'lisachung.5@gmail.com'),
(59, 1411935292, 0, 58, '', 'nhi@potluckcollective.com'),
(60, 1411935292, 0, 59, '', 'Laurengching@gmail.com'),
(61, 1411935292, 0, 60, '', 'nateanthony@live.ca'),
(62, 1411935292, 0, 61, '', 'emmanuelboakye@live.com'),
(63, 1411935292, 0, 62, '', 'p-mondino@hotmial.com'),
(64, 1411935292, 0, 63, '', 'dicerbdaniele@gmail.com'),
(65, 1411935292, 0, 64, '', 'tpkiid8@gmail.com'),
(66, 1411935292, 0, 65, '', 'efrancois001@yahoo.com'),
(67, 1411935292, 0, 66, '', 'agostini.d@hotmail.com'),
(68, 1411935292, 0, 67, '', 'stevetrics10@gmail.com'),
(69, 1411935292, 0, 68, '', 'mr.douglas.owusu@gmail.com'),
(70, 1411935292, 0, 69, '', 'eric.slyfield@gmail.com'),
(71, 1411935292, 0, 70, '', 'frantzjuniorduval@hotmail.com'),
(72, 1411935292, 0, 71, '', 'themattlaw@gmail.com'),
(73, 1411935292, 0, 72, '', 'Keith@samplethis.ca'),
(74, 1411935292, 0, 73, '', 'Lo.mckenna13@gmail.com'),
(75, 1411935292, 0, 74, '', 'teresa.nicole3@gmail.com'),
(76, 1411935292, 0, 75, '', 'chrissyalcala@gmail.com'),
(77, 1411935292, 0, 76, '', 'phil.tso@cutandtso.com'),
(78, 1411935292, 0, 77, '', 'Sharmarke.a1@gmail.com'),
(79, 1411935292, 0, 78, '', 'pbjcoop@gmail.com'),
(80, 1411935292, 0, 79, '', 'J_ballah21@hotmail.com'),
(81, 1411935292, 0, 80, '', 'anilhphotos@gmail.com'),
(82, 1411935292, 0, 81, '', 'irvingdee@gmail.com'),
(83, 1411935292, 0, 82, '', 'jason@hermannaudrey.com'),
(84, 1411935292, 0, 83, '', 'oriraynai@hotmail.ca'),
(85, 1411935292, 0, 84, '', 'diannekhuu@gmail.com'),
(86, 1411935292, 0, 85, '', 'Chief@earmilk.com'),
(87, 1411935292, 0, 86, '', 'thelegendsleague@gmail.com'),
(88, 1411935292, 0, 87, '', 'kingsolomon20@hotmail.com'),
(89, 1411935292, 0, 88, '', 'eboya.1989825@gmail.com'),
(90, 1411935292, 0, 89, '', 'nicolebortsi@gmail.com'),
(91, 1411935292, 0, 90, '', 'Botabil@hotmail.com'),
(92, 1411935292, 0, 91, '', 'yonael-hailu@hotmail.com'),
(93, 1411935292, 0, 92, '', 'sammy.nbarak@hotmail.com'),
(94, 1411935292, 0, 93, '', 'stfo2323@hotmail.com'),
(95, 1411935292, 0, 94, '', 'vincentia@mail.com'),
(96, 1411935292, 0, 95, '', 'mark.harris2603@gmail.com'),
(97, 1411935292, 0, 96, '', 'mrjung@hotmail.com'),
(98, 1411935292, 0, 97, '', 'shedagod@gmail.com'),
(99, 1411935292, 0, 98, '', 'tara_marzan@hotmail.com'),
(100, 1411935292, 0, 99, '', 'ahagi@ichiup.com'),
(101, 1411935292, 0, 100, '', 'christinagcheng@gmail.com'),
(102, 1411935292, 0, 101, '', 'naman.dinh@gmail.com'),
(103, 1411935292, 0, 102, '', 'jackmunsaka@gmail.com'),
(104, 1411935292, 0, 103, '', 'jenna.thompson@uleth.ca'),
(105, 1411935458, 1, 104, '', 'mike'),
(106, 1411941595, 0, 104, '', 'brock.bryan@gmail.com'),
(107, 1411941869, 0, 105, '', 'gavinrobertdesmond@gmail.com'),
(108, 1411941874, 0, 106, '', 'Oliver@octobersveryown.net'),
(109, 1411941881, 0, 107, '', 'patrice@theforumbarpar.com'),
(110, 1411941888, 0, 108, '', 'jasonmacaraig@gmail.com'),
(111, 1411941895, 0, 109, '', 'anthony.zanfini@ambit-inc.com'),
(112, 1411941900, 0, 110, '', 'lauren@hermannaudrey.com'),
(113, 1411941905, 0, 111, '', 'd_condotta@hotmail.com'),
(115, 1411941922, 0, 112, '', 'lo@theremixproject.ca'),
(116, 1411941927, 0, 113, '', 'styledbydrew@gmail.com'),
(117, 1411941939, 0, 114, '', 'gary@takefivetrading.ca'),
(118, 1411941945, 0, 115, '', 'missyvonnekai@gmail.com'),
(119, 1411941952, 0, 116, '', 'marcustroy.com@gmail.com'),
(120, 1411941960, 0, 117, '', 'info@canada-goose.com'),
(121, 1411941964, 0, 118, '', 'zananap@gmail.com'),
(122, 1411941968, 0, 119, '', 'tyler@theyoungastronauts.com'),
(123, 1411941972, 0, 120, '', 'urbn.frsh@gmail.com'),
(124, 1411941976, 0, 121, '', 'jermane.prime@gmail.com'),
(125, 1411941981, 0, 122, '', 'kosi.e.modekwe@gmail.com'),
(127, 1411941992, 0, 123, '', 'richard.Duval@hotmail.com'),
(128, 1411941996, 0, 124, '', 'Diann.DeSilva@rci.rogers.com'),
(129, 1411942004, 0, 125, '', 'yasser.pervaiz@gmail.com'),
(131, 1411942023, 0, 126, '', 'smfukumoto@hotmail.com'),
(132, 1411942028, 0, 127, '', 'sarah@macintyrecommunications.com'),
(133, 1411942032, 0, 128, '', 'macintyre.ashley@gmail.com'),
(134, 1411942041, 0, 129, '', 'ashley@macintyrecommunications.com'),
(135, 1411942045, 0, 130, '', 'daniel@piccsy.com'),
(136, 1411942049, 0, 131, '', 'chris@chriscarder.com'),
(137, 1411942054, 0, 132, '', 'karla@hustlegrl.com'),
(138, 1411942060, 0, 133, '', 'cbeeso@gmail.com'),
(139, 1411942065, 0, 134, '', 'rahmuhl@thegetfreshcompany.com'),
(140, 1411942069, 0, 135, '', 'shantel.a.noel@gmail.com'),
(141, 1411942072, 0, 136, '', 'sabie108@hotmail.com'),
(142, 1411942076, 0, 137, '', 'susan.angelidis@nike.com'),
(143, 1411942082, 0, 138, '', 'david.i.beveridge@gmail.com'),
(144, 1411942088, 0, 139, '', 'info@reesiiie.com'),
(145, 1411942121, 0, 140, '', 'jordan3caron@gmail.com'),
(146, 1411942124, 0, 141, '', 'jemz_morris@hotmail.com'),
(147, 1411942128, 0, 142, '', 'sean@theartofreuse.ca'),
(148, 1411942133, 0, 143, '', 'phill.cook@nike.com'),
(149, 1411942137, 0, 144, '', 'eano.jason@gmail.com'),
(150, 1411942141, 0, 145, '', 'Je.brumer@rogers.com'),
(151, 1411942145, 0, 146, '', 'jsnrjohnson@gmail.com'),
(152, 1411942148, 0, 147, '', 'will.ngu@gmail.com'),
(153, 1411942152, 0, 148, '', 'matt@unitedfront.ca'),
(154, 1411942156, 0, 149, '', 'edgewyze76@gmail.com'),
(156, 1411942168, 0, 150, '', 'jenbutt32ottawa@gmail.com'),
(157, 1411942171, 0, 151, '', 'alisonbowsher@gmail.com'),
(158, 1411942178, 0, 152, '', 'vicki.cressman@ctv.ca'),
(159, 1411942181, 0, 153, '', 'Anna.starasts@gmail.com'),
(160, 1411942184, 0, 154, '', 'a.bediones@gmail.com'),
(161, 1411942188, 0, 155, '', 'meganannwilson@gmail.com'),
(163, 1411942201, 0, 156, '', 'info@thebrokenheeldiaries.com'),
(164, 1411942204, 0, 157, '', 'catriona@cocoandcowe.com'),
(165, 1411942213, 0, 158, '', 'CATRIONA4@gmail.com'),
(166, 1411942216, 0, 159, '', 'jro@jesseingalls.com'),
(167, 1411942219, 0, 160, '', 'niko@octobersveryown.net'),
(168, 1411942224, 0, 161, '', 'martikagregory@gmail.com'),
(169, 1411942228, 0, 162, '', 'deansturino@gmail.com'),
(170, 1411942231, 0, 163, '', 'sorichettii@hotmail.com'),
(171, 1411942236, 0, 164, '', 'pslionetti@gmail.com'),
(173, 1411942247, 0, 165, '', 'molyhk17@hotmail.com'),
(174, 1411942252, 0, 166, '', 'palmeridan@gmail.com'),
(175, 1411942257, 0, 167, '', 'dpelaggi13@schulich.yorku.ca'),
(176, 1411942261, 0, 168, '', 'dfil@caasco.ca'),
(177, 1411942264, 0, 169, '', 'melanie.tavone@me.com'),
(178, 1411942272, 0, 170, '', 'meghanfilicetti@gmail.com'),
(179, 1411942275, 0, 171, '', 'calfoo@live.ca'),
(180, 1411942279, 0, 172, '', 'amanda_calouro@hotmail.com'),
(181, 1411942283, 0, 173, '', 'j_george0102@hotmail.com'),
(182, 1411942286, 0, 174, '', 'm.lu@live.ca'),
(183, 1411942296, 0, 175, '', 'garr66@msn.com'),
(184, 1411942300, 0, 176, '', 'araan91@gmail.com'),
(185, 1411942303, 0, 177, '', 'gilbertho28@gmail.com'),
(186, 1411942306, 0, 178, '', 'mayesha.k@gmail.com'),
(187, 1411942320, 0, 179, '', 'melissa.mignelli@gmail.com'),
(188, 1411942335, 0, 180, '', 'Angelique.Knights@bellmedia.ca'),
(189, 1411942339, 0, 181, '', 'knbremang@gmail.com'),
(190, 1411942346, 0, 182, '', 'kikibhussy@gmail.com'),
(191, 1411942350, 0, 183, '', 'darren@darrenbaptiste.com'),
(192, 1411942354, 0, 184, '', 'lolaplaku@gmail.com'),
(193, 1411942357, 0, 185, '', 'lola@iluvlola.net'),
(194, 1411942360, 0, 186, '', 'michaelsjohnny@gmail.com'),
(195, 1411942364, 0, 187, '', 'peterkash@gmail.com'),
(196, 1411942368, 0, 188, '', 'takara.small@gmail.com'),
(197, 1411942371, 0, 189, '', 'daniella@thebrokenheeldiaries.com'),
(198, 1411942374, 0, 190, '', 'devo@devobrown.ca'),
(199, 1411942380, 0, 191, '', 'cris.tenaglia@gmail.com'),
(200, 1411942385, 0, 192, '', 'dixon_glenn@yahoo.ca'),
(201, 1411942398, 0, 193, '', 'jennaking77@gmail.com'),
(202, 1411942402, 0, 194, '', 'gamcintosh@rogers.com'),
(203, 1411942406, 0, 195, '', 'madelaine.napoleone@umusic.com'),
(204, 1411942409, 0, 196, '', 'christianbortey@gmail.com'),
(205, 1411942413, 0, 197, '', 'carty@stevecarty.com'),
(206, 1411942416, 0, 198, '', 'anthony.m.delacruz@gmail.com'),
(207, 1411942419, 0, 199, '', 'skidbystephaniewhiteman@gmail.com'),
(208, 1411942429, 0, 200, '', 'vince@onandbeyond.com'),
(209, 1411942432, 0, 201, '', 'tienta@ymail.com'),
(210, 1411942440, 0, 202, '', 'kelseykubels@yahoo.ca'),
(211, 1411942444, 0, 203, '', 'andy@500px.com'),
(212, 1411942447, 0, 204, '', 'missmorley@gmail.com'),
(213, 1411942450, 0, 205, '', 'carlos@takefivetrading.ca'),
(214, 1411942453, 0, 206, '', 'antonio.mongillo@gmail.com'),
(215, 1411942458, 0, 207, '', 'lMacNab@nba.com'),
(216, 1411942462, 0, 208, '', 'yeslesli@gmail.com'),
(217, 1411942465, 0, 209, '', 'heena.fozdar@gmail.com'),
(218, 1411942469, 0, 210, '', 'martincowgill@hotmail.co.uk'),
(219, 1411942472, 0, 211, '', 'tatsianap@gmail.com'),
(220, 1411942476, 0, 212, '', 'chrissleung@gmail.com'),
(221, 1411942479, 0, 213, '', 'marie_sara@hotmail.com'),
(222, 1411942483, 0, 214, '', 'jesse@ten81.com'),
(223, 1411942487, 0, 215, '', 'pete@highsnobiety.com'),
(224, 1411942491, 0, 216, '', 'heinz@unknowncollective.com'),
(225, 1411942514, 0, 217, '', 'dszeto@kineticcafe.com'),
(226, 1411942517, 0, 218, '', 'nick.mcisaac@nomadshop.net'),
(227, 1411942521, 0, 219, '', 'adamtrevorjackson@gmail.com'),
(228, 1411942529, 0, 220, '', 'chengvc@gmail.com'),
(229, 1411942533, 0, 221, '', 'peter_mtl2@hotmail.com'),
(230, 1411942536, 0, 222, '', 'jesse.ship@gmail.com'),
(231, 1411942540, 0, 223, '', 'naomi.nachmani@ryerson.ca'),
(232, 1411942543, 0, 224, '', 'adam.wray@gmail.com'),
(233, 1411942547, 0, 225, '', 'amymichelle.smith24@gmail.com'),
(234, 1411942550, 0, 226, '', 'wrispect@gmail.com'),
(235, 1411942554, 0, 227, '', 'tikasimone@gmail.com'),
(236, 1411942558, 0, 228, '', 'jason.mcfadden@me.com'),
(237, 1411942562, 0, 229, '', 'jaysatur@gmail.com'),
(238, 1411942566, 0, 230, '', 'kehinde.bah@gmail.com'),
(239, 1411942573, 0, 231, '', 'jessie.n.simmons@gmail.com'),
(240, 1411942579, 0, 232, '', 'ryangeorgewilliams@gmail.com'),
(241, 1411942582, 0, 233, '', 'ricki@theremixproject.ca'),
(242, 1411942587, 0, 234, '', 'drex@octobersveryown.net'),
(243, 1411942590, 0, 235, '', 'matteo@azureonline.com'),
(244, 1411942594, 0, 236, '', 'hb@hotoblack.com'),
(245, 1411942600, 0, 237, '', 'jay@jaystrut.com'),
(246, 1411942603, 0, 238, '', 'jamal.burger@gmail.com'),
(247, 1411942607, 0, 239, '', 'paul@theserpentine.net'),
(248, 1411942615, 0, 240, '', 'joven@blackboardmktg.com'),
(249, 1411942618, 0, 241, '', 'sgebrelul@gmail.com'),
(250, 1411942622, 0, 242, '', 'kristina@spectaclelovesyou.com'),
(251, 1411942625, 0, 243, '', 'maxkopanygin@gmail.com'),
(252, 1411942629, 0, 244, '', 'jr@tomfw.com'),
(253, 1411942634, 0, 245, '', 'elyse@tomfw.com'),
(254, 1411942638, 0, 246, '', 'mai@tomfw.com'),
(255, 1411942641, 0, 247, '', 'chris@tomfw.com'),
(256, 1411942645, 0, 248, '', 'joseph.adamu@gmail.com'),
(257, 1411942650, 0, 249, '', 'rob@streetsoftoronto.info'),
(258, 1411942654, 0, 250, '', 'hello@outsideinstudio.com'),
(259, 1411942658, 0, 251, '', 'christeanss@gmail.com'),
(260, 1411942661, 0, 252, '', 'contactlaithh@gmail.com'),
(261, 1411942665, 0, 253, '', 'matthew@sandboxsociety.com'),
(262, 1411942684, 0, 254, '', 'tylerhayward@me.com'),
(263, 1411942687, 0, 255, '', 'tonoariki@gmail.com'),
(265, 1411942698, 0, 256, '', 'victor@vcselections.com'),
(266, 1411942701, 0, 257, '', 'sp.badu@hotmail.com'),
(267, 1411942707, 0, 258, '', 'michellechazell@gmail.com'),
(268, 1411942712, 0, 259, '', 'chris@northtrooper.com'),
(269, 1411942716, 0, 260, '', 'matt@sightandhound.com'),
(270, 1411942719, 0, 261, '', 'info@liztrinnear.com'),
(271, 1411942723, 0, 262, '', 'edward@sightandhound.com'),
(272, 1411942727, 0, 263, '', 'chris@proudfm.com'),
(273, 1411942731, 0, 264, '', 'yvonne.casals@rci.rogers.com'),
(274, 1411942735, 0, 265, '', 'jbremang@yahoo.com'),
(275, 1411942739, 0, 266, '', 'e@visionelie.co'),
(276, 1411942743, 0, 267, '', 'mail@adriftonline.com'),
(277, 1411942746, 0, 268, '', 'kthompson@harryrosen.com'),
(278, 1411942753, 0, 269, '', 'draposo@live.ca'),
(280, 1411942763, 0, 270, '', 'zak.bannerman@msle.com'),
(281, 1411942768, 0, 271, '', 'alan@thisisfreeagency.com'),
(282, 1411942774, 0, 272, '', 'craig.mannix@sonymusic.com'),
(283, 1411942778, 0, 273, '', 'beckett.s.l@aol.com'),
(284, 1411942781, 0, 274, '', 'soha@academyoflions.com'),
(285, 1411942785, 0, 275, '', 'chrys@shoplostfound.com'),
(286, 1411942790, 0, 276, '', 'aiden@duewest.ca'),
(287, 1411942793, 0, 277, '', 'adriank_101@hotmail.com'),
(288, 1411942797, 0, 278, '', 'tsumner@fredperrytoronto.com'),
(289, 1411942800, 0, 279, '', 'moverniepptv@yahoo.com'),
(290, 1411942804, 0, 280, '', 'queen@svpsports.ca'),
(291, 1411942808, 0, 281, '', 'steph-wiggins@hotmail.com'),
(293, 1411942823, 0, 282, '', 'casiestewart@gmail.com'),
(294, 1411942827, 0, 283, '', 'daniesque@gmail.com'),
(295, 1411942841, 0, 284, '', 'addie@theremixproject.ca'),
(296, 1411942845, 0, 285, '', 'leila.fataar@adidas.com'),
(297, 1411942850, 0, 286, '', 'martin@uncleotis.com'),
(298, 1411942853, 0, 287, '', 'leeannesimpson14@hotmail.com'),
(299, 1411942857, 0, 288, '', 'katier@gravitypope.com'),
(300, 1411942861, 0, 289, '', 'jesar.gabino@nomadshop.net'),
(301, 1411942864, 0, 290, '', 'Info@sparkcapital.com'),
(302, 1411942868, 0, 291, '', 'zeb.munir@nomadshop.net'),
(303, 1411942871, 0, 292, '', 'tgallant@harryrosen.com'),
(304, 1411942875, 0, 293, '', 'takubeats@gmail.com'),
(305, 1411942884, 0, 294, '', 'info@mrcavaliere.com'),
(306, 1411942906, 0, 295, '', 'claire.rankine@nike.com'),
(308, 1411942919, 0, 296, '', 'dennistodisco@gmail.com'),
(309, 1411942924, 0, 297, '', 'gabealonso@gmail.com'),
(310, 1411942933, 0, 298, '', 'giorgio@onedesignteam.com'),
(311, 1411942936, 0, 299, '', 'baechler2@gmail.com'),
(312, 1411942940, 0, 300, '', 'charlie.brooks@nike.com'),
(313, 1411942944, 0, 301, '', 'jennifer.wannarachue@gmail.com'),
(314, 1411942948, 0, 302, '', 'April.Coulter@nike.com'),
(315, 1411942951, 0, 303, '', 'laurenmgallo@gmail.com'),
(316, 1411942955, 0, 304, '', 'rehabib@yahoo.com'),
(317, 1411942960, 0, 305, '', 'rami.jabaji@gmail.com'),
(318, 1411942968, 0, 306, '', 'aluk71@yahoo.com'),
(319, 1411942972, 0, 307, '', 'trip.randall@nike.com'),
(320, 1411942976, 0, 308, '', 'musatariq@gmail.com'),
(321, 1411942985, 0, 309, '', 'dejuan.wilson@colehaan.com'),
(322, 1411942988, 0, 310, '', 'lross@harryrosen.com'),
(323, 1411942991, 0, 311, '', 'pauledwardsmith@gmail.com'),
(324, 1411942995, 0, 312, '', 'Sara.m.wilkinson@gmail.com'),
(325, 1411942998, 0, 313, '', 'sbotwinick@complex.com'),
(326, 1411943001, 0, 314, '', 'colinb@asicsamerica.com'),
(327, 1411943006, 0, 315, '', 'andrewcampana@live.com'),
(328, 1411943010, 0, 316, '', 'bradley.carbone@gmail.com'),
(329, 1411943021, 0, 317, '', 'michaeleclarke@hotmail.com'),
(330, 1411943026, 0, 318, '', 'krcolemanwalton@gmail.com'),
(331, 1411943031, 0, 319, '', 'eladio.correa@gmail.com'),
(332, 1411943035, 0, 320, '', 'kendracusic@gmail.com'),
(333, 1411943041, 0, 321, '', 'ash_1@mac.com'),
(334, 1411943044, 0, 322, '', 'alexemberey@gmail.com'),
(335, 1411943047, 0, 323, '', 'mistyjgant@gmail.com'),
(336, 1411943051, 0, 324, '', 'alan.ho@me.com'),
(337, 1411943054, 0, 325, '', 'zakhoke@gmail.com'),
(338, 1411943062, 0, 326, '', 'monikajonevski@gmail.com'),
(339, 1411943065, 0, 327, '', 'kelrock@gmail.com'),
(340, 1411943069, 0, 328, '', 'hyeinkwon@gmail.com'),
(341, 1411943073, 0, 329, '', 'nicholaslamothe@gmail.com'),
(342, 1411943076, 0, 330, '', 'christianlavery2@gmail.com'),
(343, 1411943080, 0, 331, '', 'mrilevine@gmail.com'),
(344, 1411943084, 0, 332, '', 'shawnaolsten@gmail.com'),
(345, 1411943087, 0, 333, '', 'alessandra.alter@gmail.com'),
(346, 1411943091, 0, 334, '', 'chantal.roy@puma.com'),
(347, 1411943094, 0, 335, '', 'dana_avidan@instylemag.com'),
(348, 1411943098, 0, 336, '', 'linet.beras@gmail.com'),
(349, 1411943101, 0, 337, '', 'liza.darwin@gmail.com'),
(350, 1411943104, 0, 338, '', 'owen.fegan@nymag.com'),
(351, 1411943108, 0, 339, '', 'justine.goodman@gmail.com'),
(352, 1411943113, 0, 340, '', 'tiyana.grulovic@gmail.com'),
(353, 1411943117, 0, 341, '', 'terry@beehivedesign.com'),
(354, 1411943120, 0, 342, '', 'jermaineshall@gmail.com'),
(355, 1411943123, 0, 343, '', 'lonelle.selbo@gmail.com'),
(356, 1411943134, 0, 344, '', 'kasia.moreno@gmail.com'),
(357, 1411943138, 0, 345, '', 'lueckea@gmail.com'),
(358, 1411943141, 0, 346, '', 'sales@heygeorgie.com'),
(359, 1411943144, 0, 347, '', 'oanyanwu7@gmail.com'),
(360, 1411943153, 0, 348, '', 'max.berlinger@gmail.com'),
(361, 1411943161, 0, 349, '', 'brockcardiner@gmail.com'),
(362, 1411943164, 0, 350, '', 'editored@rogers.com'),
(363, 1411943168, 0, 351, '', 'jian.deleon@gmail.com'),
(364, 1411943171, 0, 352, '', 'dan@freshnessmag.com'),
(365, 1411943177, 0, 353, '', 'Jkissi7@gmail.com'),
(366, 1411943181, 0, 354, '', 'terry.lu@essentialhommemag.com'),
(367, 1411943185, 0, 355, '', 'hmpowell@thelooknow.com'),
(368, 1411943195, 0, 356, '', 'Julian.Mitchell09@gmail.com'),
(369, 1411943204, 0, 357, '', 'arzuyonak@gmail.com'),
(370, 1411943207, 0, 358, '', 'kmadsen3@gmail.com'),
(371, 1411943211, 0, 359, '', 'joel@visualsupply.co'),
(372, 1411943214, 0, 360, '', 'greg@vsco.co');

-- --------------------------------------------------------

--
-- Table structure for table `users`
--

CREATE TABLE IF NOT EXISTS `users` (
  `id` int(11) NOT NULL AUTO_INCREMENT,
  `username` varchar(255) DEFAULT NULL,
  `email` varchar(255) DEFAULT NULL,
  `password` varchar(100) DEFAULT NULL,
  `firstname` varchar(50) DEFAULT NULL,
  `lastname` varchar(50) DEFAULT NULL,
  `admin` int(1) NOT NULL DEFAULT '0',
  `gender` varchar(10) DEFAULT NULL,
  `age` varchar(60) DEFAULT NULL,
  `shoe_size` varchar(25) DEFAULT NULL,
  `city` varchar(100) DEFAULT NULL,
  `country` varchar(60) DEFAULT NULL,
  `title` varchar(60) DEFAULT NULL,
  `bio` text,
  `twitter` varchar(50) DEFAULT NULL,
  `facebook` varchar(60) DEFAULT NULL,
  `website` varchar(255) DEFAULT NULL,
  `image` varchar(50) DEFAULT 'default_profile.jpg',
  `entry_datetime` int(11) DEFAULT '0',
  `update_datetime` int(11) NOT NULL DEFAULT '0',
  `deleted` int(1) NOT NULL DEFAULT '0',
  `karma` int(100) NOT NULL DEFAULT '0',
  `code` varchar(10) NOT NULL,
  PRIMARY KEY (`id`),
  UNIQUE KEY `username` (`username`),
  UNIQUE KEY `email` (`email`)
) ENGINE=InnoDB  DEFAULT CHARSET=latin1 AUTO_INCREMENT=138 ;

--
-- Dumping data for table `users`
--

INSERT INTO `users` (`id`, `username`, `email`, `password`, `firstname`, `lastname`, `admin`, `gender`, `age`, `shoe_size`, `city`, `country`, `title`, `bio`, `twitter`, `facebook`, `website`, `image`, `entry_datetime`, `update_datetime`, `deleted`, `karma`, `code`) VALUES
(1, 'mike', 'mike', 'acb7ef65e0b55b13bd439548dc768d48', 'Mike', 'Nguyen', 1, 'male', '', '10.0', 'Mississauga', 'Canada', 'The Developer', '', '', '', '', 'default_avatar.png', 1408377525, 1408684689, 0, 0, 'E7SCPO8F4G'),
(2, 'davidsb', 'david.bremang@foundmissing.ca', '00b72fbb0801e3dc426362e3ce8ff17c', 'David', 'Bremang', 1, 'male', '23', '10.0', 'Toronto', 'Canada', 'Founder', NULL, NULL, NULL, NULL, 'default_avatar.png', 1408421089, 1408421089, 0, 0, '6YUU4C2KIX'),
(3, 'jlee', 'james@foundmissing.ca', 'b21720fb540e2179401529d9801a0b33', 'James', 'Lee', 1, 'male', '23', '9.5', 'toronto', 'canada', 'artist/designer', 'I made this site. (Mike helped I guess)', '', '', 'http://hi@jlee.ca', 'default_avatar.png', 1408488336, 1412457296, 0, 0, 'YRL5X9RHAE'),
(4, 'admin', 'admin@foundmissing.ca', 'acb7ef65e0b55b13bd439548dc768d48', 'Admin', 'Admin', 0, NULL, '', NULL, '', '', '', NULL, NULL, NULL, NULL, 'default_avatar.png', 1408568502, 1408568630, 0, 0, '9AUB5UIUNB'),
(5, 'dcondotta', 'david.condotta@foundmissing.ca', '14b61114b3a9df88b4c90133adf11326', 'David', 'Condotta', 0, 'male', '25', '9.5', 'Toronto', 'Canada', '', NULL, NULL, NULL, NULL, 'default_avatar.png', 1408660217, 1408660217, 0, 0, 'EWIOZK2IEX'),
(6, 'Realsarina', 'Sarinahamamgi@gmail.com', 'c51a13fee2691e0ec7cac9fdc50f851d', 'Sarina', 'Hamamgi', 0, 'female', '19', '10.0', 'Toronto', 'canada', '', '', 'http://twitter.com/realsarina', 'http://facebook.com/sarinaa', '', 'default_avatar.png', 1408660681, 1408728030, 0, 0, 'NUHF4WO3YJ'),
(7, 'NateRobinson', 'nathan_robinson@live.com', '9984b62a65c25b19cd72bc2b8e298951', 'Nathan', 'Robinson', 0, 'male', '21', '11.0', 'Brampton', 'Canada', 'Student ', NULL, NULL, NULL, NULL, 'default_avatar.png', 1408661548, 1408661548, 0, 0, 'P5XK1FBHCV'),
(10, 'Jonbattick', 'Jonathanbattick@gmail.com', '26a610678da688e8ef50ca187b4a90d1', 'Jon', 'Battick', 0, 'male', '21', '12.0', 'Brampton', 'Canada', 'Student/owner', NULL, NULL, NULL, NULL, 'default_avatar.png', 1408661729, 1408661729, 0, 0, 'MPWBEBSBSD'),
(11, 'Franc0', 'G.ciarmela@gmail.com', 'e9623603cbc1e1df2b6954606f2dcf2f', 'Gianfranc', 'Ciarmela', 0, 'male', '23', '11.0', 'Toronto ', 'Canada', 'Mr', NULL, NULL, NULL, NULL, 'default_avatar.png', 1408662012, 1408662012, 0, 0, 'PFEPJFU175'),
(12, 'jdin', 'josh_17jd@hotmail.com', '57fe2b1399622157ce0d1873657ab291', 'Joshua', 'Din', 0, 'male', '19', '10.5', 'Scarborough', 'Canada', 'Mr.', NULL, NULL, NULL, NULL, 'default_avatar.png', 1408662204, 1410478108, 0, 0, 'DSDV96GJON'),
(13, 'jonxjmn', 'jjuman@live.ca', '6face0806d4c697611b432d052820513', 'Jon', 'Juman', 0, 'male', '', '10.0', 'Toronto ', 'Canada ', 'Mr', NULL, NULL, NULL, NULL, 'default_avatar.png', 1408662348, 1408662348, 0, 0, '8B72VGN9V9'),
(14, 'executiivecheff', 'whizmessam@gmail.com', '4c547de2629fed41baa5ec868329d544', 'Alex', 'Messam', 0, 'male', '22', '11.0', 'Brampton', 'ontario', 'Mr', NULL, NULL, NULL, NULL, 'default_avatar.png', 1408662428, 1408662737, 0, 0, 'AK8MMGOGBQ'),
(18, 'kourtneyramtam', 'kramsaythames@gmail.com', 'd7ebaf829f4dd71850b7eed14e8036fb', 'Kourtney', 'RamsayThames', 0, 'female', '24', '10.0', 'Toronto', 'Canada', '', NULL, NULL, NULL, NULL, 'default_avatar.png', 1408662547, 1408662547, 0, 0, '79S5U1XYXA'),
(19, 'SurajPrashad', 'surajprashad@gmail.com', 'a08e7fd0e633f159cfac4d313d812c87', 'Suraj', 'Prashad', 0, 'male', '19', '9.5', 'Brampton', 'Canada', 'Mr.', NULL, NULL, NULL, NULL, 'default_avatar.png', 1408662582, 1408662582, 0, 0, 'BURWBZ96AL'),
(20, 'dickie', 'dicksonsm2@hotmail.com', '81a631706ba24f86568458fe8cc738f0', 'sandra', 'dickson', 0, 'female', '22', '6.5', 'Brampton', 'Canada', 'Ms.', NULL, NULL, NULL, NULL, 'default_avatar.png', 1408662598, 1408662598, 0, 0, 'TQVS9IJDSV'),
(21, 'yvok', 'yvonne.kwan67@gmail.com', '1ac35b38b6acaae3f0f7e0f57624cf19', 'Yvonne', 'Kwan', 0, 'female', '24', '9.0', 'Mississauga', 'Canada', '', NULL, NULL, NULL, NULL, 'default_avatar.png', 1408662632, 1408662632, 0, 0, '4KA7NIAIK8'),
(22, 'LaurenAshley', 'Laurenxxashley@hotmail.com', 'de38e249de6b33538fcb897ee877e96a', 'LaurenAshley', 'Ms', 0, 'female', '23', '6.0', 'Toronto', 'Canada', '', NULL, NULL, NULL, NULL, 'default_avatar.png', 1408662827, 1408662827, 0, 0, 'Z8FZE62K20'),
(23, 'amillionminds', 'thalia416@gmail.com', 'c95ac56f0ec1a7e03ef05f68ed8c1d62', 'nathalia', 'allen', 0, 'female', '23', '10.0', 'pickering', 'canada', 'ms', NULL, NULL, NULL, NULL, 'default_avatar.png', 1408662832, 1408662832, 0, 0, '54MA5KZE8J'),
(24, 'Bea', 'Anan4320@mylaurier.ca', 'bfb0659d48df4e87de20f551ddf6c091', 'Beatrice', 'Ananebediakoh', 0, 'female', '23', '7.5', 'Brampton', 'Canada', 'Ms', NULL, NULL, NULL, NULL, 'default_avatar.png', 1408663435, 1408664013, 0, 0, 'L1NIOPHC3W'),
(25, 'lheechung', 'lheechun@gmail.com', 'c2909ae0e7395f639ba9064a506a1146', 'Liana', 'HeeChung', 0, 'female', '25', '6.0', 'Toronto', 'Canada', '', NULL, NULL, NULL, NULL, 'default_avatar.png', 1408663500, 1408663500, 0, 0, 'H2GN7XE10M'),
(27, 'Tee', 'Anniet@gmail.com', '454749d2ff489bfa27c5eeda99a90dfa', 'Wanna', 'Thompson', 0, 'female', '22', '9.5', 'Brampton', 'Canada', 'Miss', NULL, NULL, NULL, NULL, 'default_avatar.png', 1408663646, 1408663646, 0, 0, 'I99BF4CC39'),
(28, 'Jaefaded', 'Jaefaded@hotmail.com', 'aa02b85e14dffb43d50a3e7b084b5492', 'Jason', 'Ellis', 0, 'male', '20', '12.0', 'Brampton', 'Canada', 'Mr', NULL, NULL, NULL, NULL, 'default_avatar.png', 1408664144, 1408664144, 0, 0, 'Z28KS9VFEX'),
(29, 'yasirnomey', 'yasirnomani1@gmail.com', '1dbd57e0ea3f515d6b7bacb6f2ac1a30', 'yasir', 'nomani', 0, 'male', '20', '10.5', 'brampton', 'canada', 'mr', NULL, NULL, NULL, NULL, 'default_avatar.png', 1408664254, 1408664254, 0, 0, '8WYOIE53Q0'),
(30, '7thkind', '7thxkind@gmail.com', '936038a1f7a9a95f63a52d81fee1bbc3', 'Nick', 'Junior', 0, 'male', '20', '12.0', 'Toronto', 'Canada', '', NULL, NULL, NULL, NULL, 'default_avatar.png', 1408664292, 1408664292, 0, 0, 'WUT0QZSR3Y'),
(31, 'CaptainWavy', 'Royden_94@hotmail.com', 'fc788ca05670d9a7e613c09ea861a4e2', 'Royden', 'Fire', 0, 'male', '20', '11.5', 'Brampton', 'Canada', 'Mr.', NULL, NULL, NULL, NULL, 'default_avatar.png', 1408664293, 1408666586, 0, 0, '4C4KGN4F10'),
(32, 'Shayan', 'shayan@foundmissing.ca', '4870ef8b638ff4ac51842440cd857479', 'Shayan', 'Jaffer', 0, 'male', '20', '11.0', 'Toronto', 'Canada', 'Mr', '', 'http://@shaystaysballin', '', '', 'default_avatar.png', 1408664352, 1408683902, 0, 0, '6XKHZT9S8R'),
(33, 'Nabcrash', 'nigelabeckford@gmail.com', 'f26be1116c9a278c5141e3a6571f0552', 'Nigel', 'Beckford', 0, 'male', '19', '11.0', 'Toronto', 'Canada', '', NULL, NULL, NULL, NULL, 'default_avatar.png', 1408664887, 1408664887, 0, 0, 'XZ8FNWSNVV'),
(34, 'Flamebellerophontes', 'Jm.burgess2@gmail.com', 'bf16484a1477a9d69f58b12afeac67cb', 'JELANI', 'Burgess', 0, 'male', '24', '10.0', 'Brampton', 'Canada', 'Brampton', NULL, NULL, NULL, NULL, 'default_avatar.png', 1408665254, 1408665254, 0, 0, 'JQ9L99WJIR'),
(35, 'eman1', 'emanuel@gravitypope.com', 'a4a7db02dd89f87b8575dfa8faa09245', 'Emanuel', 'Ilagan', 0, 'male', '27', '9.5', 'toronto ', 'canada', 'graphic designer', NULL, NULL, NULL, NULL, 'default_avatar.png', 1408665469, 1408665469, 0, 0, 'WJTW1W1Z7V'),
(36, 'SBYoungMogul', 'Sham71@hotmail.com', '015001c251b5f849cd3e4fcf0c3e031d', 'Shamarr', 'Barrett', 0, 'male', '22', '11.5', 'Vaughan', 'Canada ', 'Mogul', NULL, NULL, NULL, NULL, 'default_avatar.png', 1408665488, 1408665488, 0, 0, 'BOKVFSSKJP'),
(37, 'Roc', 'k.racco@hotmail.com', '961476858aaf8ba70aa186b346f80d21', 'Kareem', 'Racco', 0, NULL, '24', '11.0', 'Vaughan', 'Canada', 'Racco', NULL, NULL, NULL, NULL, 'default_avatar.png', 1408665692, 1408751789, 0, 0, 'ODK7KEZQFI'),
(38, 'Fuentes', 'J_fuentes05@hotmail.com', 'f1714428e33c0bed7a234a53d0fbf0f5', 'Pavel', 'Fuentes', 0, 'male', '26', '9.0', 'Toronto', 'Canada', 'Educator', '', '', '', '', 'default_avatar.png', 1408665909, 1408665909, 0, 0, '944K2VBV9M'),
(39, 'Vitalex', 'alexandravital22@yahoo.ca', 'cab4dea044928eaace50ba44daa36017', 'Alexandra', 'Vital', 0, 'female', '23', '8.0', 'Ajax', 'Canada', '', NULL, NULL, NULL, NULL, 'default_avatar.png', 1408666301, 1408666301, 0, 0, 'PYHO0V571N'),
(40, 'Errol', 'Errol.olorvida@gmail.com', '2f4a52aa7372df6a594ffdddaa444f1b', 'Errol', 'Olorvida', 0, 'male', '23', '9.0', 'Vaughan', 'Canada', '', NULL, NULL, NULL, NULL, 'default_avatar.png', 1408666486, 1408666486, 0, 0, 'U5WLEG643L'),
(41, 'DBY', 'dby@foundmissing.ca', 'b510b25b83d394ce5f40ed92f5e0d089', 'Derek', 'Boakye', 0, 'male', '22', '11.5', 'Toronto', 'Canada', 'Mr', NULL, NULL, NULL, NULL, 'default_avatar.png', 1408666613, 1408666613, 1, 0, 'X1GK0U6GRK'),
(42, 'Cathrynelizabeth', 'Cateryna5@hotmail.com', 'f58dae5ecfb8add517bb264dd141aa21', 'Cathryn', 'James', 0, 'female', '25', '6.5', 'Toronto', 'CA', 'Model-boys size foot', NULL, NULL, NULL, NULL, 'a664igp4x3muf3.jpg', 1408666740, 1408666740, 0, 0, 'EAYFLCJV32'),
(43, 'DBYKTL', 'dby@live.ca', 'b510b25b83d394ce5f40ed92f5e0d089', 'Derek', 'Boakye', 0, 'male', '22', '12.0', 'Toronto', 'Canada', 'Mr', NULL, NULL, NULL, NULL, 'default_avatar.png', 1408666742, 1408666742, 0, 0, '223ZWV4QRX'),
(44, 'joshtelf', 'believedreamsdl@gmail.com', 'dc3baf98b3b298fe11ad697b9b6ea5c9', 'joshua', 'telfer', 0, 'male', '23', '7.5', 'toronto', 'canada', 'creative - photographer', NULL, NULL, NULL, NULL, 'default_avatar.png', 1408666927, 1408666927, 0, 0, '7YCLIZOT28'),
(45, 'veekeee', 'vickieatthemall@hotmail.com', 'fb5f58ce2ee2e5924aadd2cbae53f0bf', 'Victoria', 'Nguyen', 0, 'female', '22', '7.0', '', 'Canada', '', NULL, NULL, NULL, NULL, 'default_avatar.png', 1408667100, 1408667100, 0, 0, 'E404Z5QL7O'),
(46, 'Winston_K', 'winston_k@yahoo.com', 'a8d8b7de48f5191ffca5f206c1401715', 'Winston', 'Kangwa', 0, 'male', '23', '10.5', 'Toronto', 'Canada', 'Mr.', NULL, NULL, NULL, NULL, 'default_avatar.png', 1408667123, 1408667123, 0, 0, 'BP4B0COEHN'),
(48, 'JosephH', 'Fullyjoey@me.com', '3ece84493b2d8421600a71113885cf24', 'Joseph', 'Harbans', 0, 'male', '25', '10.5', 'Toronto', 'Canada', 'Graphic Designer', NULL, NULL, NULL, NULL, 'default_avatar.png', 1408667148, 1408667148, 0, 0, 'KWUYZJZX4T'),
(52, 'nikki_phung', 'nikki_phung@hotmail.com', 'c1577ddef089557524886b67d62f5809', 'nicole', 'phung', 0, 'female', '27', '6.0', 'markham', 'canada', '', NULL, NULL, NULL, NULL, 'default_avatar.png', 1408667208, 1408667208, 0, 0, 'BERFSD01KF'),
(53, 'jen416', 'jennifer_phung@hotmail.com', '934210f1c660e521738fed84f01dfc69', 'jennifer', 'phung', 0, 'female', '29', '7.0', 'markham', 'canada', '', NULL, NULL, NULL, NULL, 'default_avatar.png', 1408667295, 1408667295, 0, 0, 'MRIT8XF6I4'),
(55, 'britt_mello', 'brittany.mello@outlook.com', 'a39d74adb37a8f6724e7b6ceb327ba4e', 'Brittany', 'Mello', 0, 'female', '22', '7.5', 'Maple', 'Canada', 'Miss', NULL, NULL, NULL, NULL, 'default_avatar.png', 1408667347, 1408667347, 0, 0, '668GF9418R'),
(57, 'SadePowell', 'Sade.powell@hotmail.ca', 'd74253858949fa83d3ecde7dc54cb0a2', 'Sade', 'Powell', 0, 'female', '21', '9.0', 'Toronto', 'Canada', 'Journalist', NULL, NULL, NULL, NULL, 'default_avatar.png', 1408667461, 1408667461, 0, 0, '7HRXWKLX12'),
(58, 'mr_frutti', 'mike_frutti@live.ca', '07d1851be52dded755414d648b8cf74d', 'mike', 'frutti', 0, 'male', '23', '10.5', 'maple', 'canada', 'sir', NULL, NULL, NULL, NULL, 'default_avatar.png', 1408667533, 1408817837, 0, 0, 'LCFZBDN35A'),
(59, 'fharris', 'fharris84@yahoo.com', '59154ef540bf6699167ae065e9598f16', 'f', 'h', 0, 'male', '21', NULL, 'toronto', 'canada', 'mr', NULL, NULL, NULL, NULL, 'default_avatar.png', 1408667625, 1408667625, 0, 0, 'HZWO8T4CKG'),
(60, 'travellinggirl', 'angela.s.lentini@hotmail.com', '1eb6ed97f334be020225b622af82c5be', 'Angela', 'Lentini', 0, 'female', '23', '8.0', 'Thornhill', 'Canada', 'Ms', NULL, NULL, NULL, NULL, 'default_avatar.png', 1408667647, 1408667647, 0, 0, 'DY0GXBV1JC'),
(61, 'tomnguyen905', 'tomnguyen905@hotmail.com', '1e6b0ea8bbe77b6ae5d22745b1b318f0', 'tung', 'nguyen', 0, 'male', '30', '8.0', 'mississauga', 'canada', 'chef', NULL, NULL, NULL, NULL, 'default_avatar.png', 1408667728, 1408667728, 0, 0, 'IY8HUYDUFR'),
(63, 'missaianna', 'adjoa.s.atuahene@gmail.com', '7fae0d6cac9c2f8941c2de595e47c0ba', 'Adjoa', 'Atuahene', 0, 'female', '23', '9.0', 'Toronto', 'Canada', 'Publicist', NULL, NULL, NULL, NULL, 'default_avatar.png', 1408667831, 1409068489, 0, 0, '08II60HXFC'),
(65, 'EddieM', 'eddie93_4@hotmail.com', '855b3929de172718706b231c407f0b90', 'Eduardo', 'Zaldana', 0, NULL, '21', NULL, '', '', 'S', NULL, NULL, NULL, NULL, 'default_avatar.png', 1408668020, 1408668020, 0, 0, 'OCTYI1LKDI'),
(68, 'Jermaine', 'Jermaine.lewis@rci.rogers.com', '4d49b74a2a42a170c071d92c6a2cbce6', 'jermaine', 'Lewis', 0, 'male', '37', '9.0', 'Toronto', 'Canada', 'mr.', NULL, NULL, NULL, NULL, 'default_avatar.png', 1408668148, 1408668148, 0, 0, 'OXQAS8BNJG'),
(69, 'Awhite', 'Bluestyle057_@hotmail.com', '6fe6fa9142d4d60c0a6a9d98b6013d9e', 'Amanda', 'White', 0, NULL, '28', NULL, 'Toronto', 'Canada', '', NULL, NULL, NULL, NULL, 'default_avatar.png', 1408668269, 1408668269, 0, 0, 'K33H58TDE2'),
(72, 'SethDyer', 'sethdyermusic@gmail.com', '4a720998b2930c393089fb3d5706abb9', 'Seth', 'Dyer', 0, 'male', '20', '10.0', 'Toronto', 'Canada', '', NULL, NULL, NULL, NULL, 'default_avatar.png', 1408668593, 1408668593, 0, 0, 'Q8GCQSK9TO'),
(73, 'Niknikki', 'Nik_nikki19@hotmail.com', 'e5bab6921bc548e7f402f6bad149142a', 'Nicole', 'White', 0, 'female', '', '8.0', 'Scarborough', 'Canada', '24', NULL, NULL, NULL, NULL, 'default_avatar.png', 1408668609, 1408668609, 0, 0, 'YY25F222LD'),
(75, 'HUISVANSURI', 'nafissapinas@hotmail.ca', '703bcfb0c3b8746e3fb372af2a90a741', 'Nafissa', 'Pinas', 0, 'female', '22', '9.5', 'Toronto', 'Canada', 'Designer', NULL, NULL, NULL, NULL, 'default_avatar.png', 1408668621, 1408668621, 0, 0, 'ONCL8DAG75'),
(77, 'allisond', 'allison.dyer@hotmail.com', '08ef5aac336b6911896710518c197239', 'allison', 'dyer', 0, 'female', '22', '10.0', 'Scarborough', 'Canada', 'Promotional events', NULL, NULL, NULL, NULL, 'default_avatar.png', 1408668678, 1408668678, 0, 0, 'WYA4KEUQDS'),
(78, 'LC', 'lisachung.5@gmail.com', '00dc646d6ba7f2aa768776904f197c2c', 'Lisa', 'Chung', 0, 'female', '24', '7.5', 'Toronto', 'Canada', '', NULL, NULL, NULL, NULL, 'default_avatar.png', 1408668697, 1408668697, 0, 0, '9366N4OY7W'),
(79, 'nhi', 'nhi@potluckcollective.com', '9549b47faa401df7a5933ae9f8f19cac', 'nhi', 'tran', 0, 'female', '24', '7.0', 'toronto', 'canada', 'ms', NULL, NULL, NULL, NULL, 'default_avatar.png', 1408668789, 1408675626, 0, 0, 'AMGMK46RND'),
(80, 'Laurengching', 'Laurengching@gmail.com', 'dd90bf7a02af829e7df2db2d9462e5dd', 'Lauren', 'Ching', 0, 'female', '29', '8.0', 'Toronto', '', '', NULL, NULL, NULL, NULL, 'default_avatar.png', 1408668804, 1408668804, 0, 0, '86LH7IZCS4'),
(81, 'NateAnthony', 'nateanthony@live.ca', 'd0cb1ee5604ed71f2e4b79cfd4b8bba3', 'Nathan', 'Scott', 0, 'male', '24', '11.0', 'Scarborough', 'Canada', '', NULL, NULL, NULL, NULL, 'default_avatar.png', 1408668838, 1408668838, 0, 0, '9W1LUD9QEN'),
(82, 'manniekb', 'emmanuelboakye@live.com', '94349c6c23b93f1b89f3099b148e2449', 'manny', 'boakye', 0, 'male', '24', '9.0', 'richmond hill', 'canada', 'single', NULL, NULL, NULL, NULL, 'default_avatar.png', 1408668845, 1408668845, 0, 0, 'EV346VDIJW'),
(84, 'pmondino', 'p-mondino@hotmial.com', '9fd94b139f525974c09a71a91602c72a', 'pietro', 'mondino', 0, 'male', '23', '10.0', 'vaughan', 'canada', 'irish', NULL, NULL, NULL, NULL, 'default_avatar.png', 1408668865, 1408668865, 0, 0, 'MJZ22HWZS1'),
(86, 'dicerbodaniele', 'dicerbdaniele@gmail.com', '64c1948604f82e687962c31d895bbf96', 'daniele', 'dicerbo', 0, 'male', '23', '11.5', 'thornhill', 'canada', 'sr', NULL, NULL, NULL, NULL, 'default_avatar.png', 1408668981, 1408668981, 0, 0, '4UWRLMYD7B'),
(87, 'MrTwinPines', 'tpkiid8@gmail.com', '03587d037008bee2243e96021ec31b75', 'AJ', 'Morgan', 0, 'male', '29', '10.5', 'San Antonio,Tx by way of Vaughan, Ont', 'USA/Canada', '', NULL, NULL, NULL, NULL, 'jt4mnkukolnq3k.jpg', 1408669022, 1408669022, 0, 0, '1MOL6H6QAX'),
(88, 'efrancois', 'efrancois001@yahoo.com', '6a6a940d99c2b6c7b65b603b8e7b689e', 'Edem', 'Francois', 0, 'male', '24', '11.0', 'Thornhill', 'Canada', 'Mr', NULL, NULL, NULL, NULL, 'default_avatar.png', 1408669024, 1408669024, 0, 0, '7UV23RELBR'),
(89, 'SirAglund', 'agostini.d@hotmail.com', 'db0142ad76d2d7c42e452ca97188f904', 'daniel', 'Aggi', 0, 'male', '22', '11.0', 'Concord', 'Canada', 'commisioner', NULL, NULL, NULL, NULL, 'default_avatar.png', 1408669038, 1408669038, 0, 0, 'ESBGTJCPUY'),
(92, 'stevetrics', 'stevetrics10@gmail.com', '8b4707ff0950acef4fbc25e71dc4dc13', 'stephen', 'tricanico', 0, 'male', '23', '9.0', 'vaughan', 'canada', 'visual artist', NULL, NULL, NULL, NULL, 'default_avatar.png', 1408669152, 1408669152, 0, 0, 'JKGV3HYL9H'),
(96, 'DouglasOwusu', 'mr.douglas.owusu@gmail.com', '06c6de287a4bc51422068dfc08695862', 'Douglas', 'Owusu', 0, 'male', '24', '10.5', 'Mississauga', 'Canada', '', NULL, NULL, NULL, NULL, 'default_avatar.png', 1408669185, 1408669185, 0, 0, '6RXFVKXFLX'),
(97, 'heysly', 'eric.slyfield@gmail.com', 'd918dd3c333ca8b8af7526ee938fbb69', 'eric', 'slyfield', 0, 'male', '23', '11.5', 'scarborough', 'Canada', 'Mr.', NULL, NULL, NULL, NULL, 'default_avatar.png', 1408669197, 1408677846, 0, 0, '9Z9XRAB8X5'),
(98, 'fjrduval', 'frantzjuniorduval@hotmail.com', '7fc6875284682a1e8b5bd17a2a1f6991', 'Junior', 'Duval', 0, 'male', '22', '8.0', 'Thornhill', 'Canada', 'Criminology', NULL, NULL, NULL, NULL, 'default_avatar.png', 1408669272, 1408669272, 0, 0, 'W539DIITJV'),
(101, 'themattlaw', 'themattlaw@gmail.com', 'bf2cca66bc130c99e79b396aea72105b', 'matt', 'law', 0, 'male', '29', '10.0', 'toronto', 'canada', '', NULL, NULL, NULL, NULL, 'default_avatar.png', 1408669429, 1408669429, 0, 0, 'K652S0JPXZ'),
(102, 'Samplethis', 'Keith@samplethis.ca', '63b47f523e3bc8b36e49c2fc0fcaeea6', 'Keith', 'Sample', 0, 'male', '26', '11.0', 'Toronto', 'Canada', 'Art Director', NULL, NULL, NULL, NULL, 'default_avatar.png', 1408669641, 1408669641, 0, 0, 'MNSKSRPWI7'),
(103, 'Lomac', 'Lo.mckenna13@gmail.com', '95cd1d4fbf97d80b33f8f3484ff27614', 'Lauren', 'Mckenna', 0, 'female', '27', '8.5', 'Toronto', 'Canada', '', NULL, NULL, NULL, NULL, 'default_avatar.png', 1408670008, 1408670008, 0, 0, '35HVPM04Y2'),
(104, 'datnickic', 'teresa.nicole3@gmail.com', 'c7de4dc1ccc2bad6eb6f2aecaed5aad1', 'Nicole', 'Chin', 0, 'female', '25', '5.0', 'TORONTO', 'CANADA', 'PR Exec.', NULL, NULL, NULL, NULL, 'default_avatar.png', 1408670131, 1408670131, 0, 0, 'HDL19H0C6Y'),
(106, 'OhSoChrissy', 'chrissyalcala@gmail.com', '0a6ca1bd08730cf7eb8ceda9c42039a4', 'Chrissy', 'Alcala', 0, 'female', '27', '6.0', 'TORONTO', 'CANADA', 'Hair Stylist', NULL, NULL, NULL, NULL, 'default_avatar.png', 1408670330, 1408670330, 0, 0, '8MUSR8C0PL'),
(107, 'philtso', 'phil.tso@cutandtso.com', '1950c4a7fedad330f2628ba413089fc0', 'Phil', 'Tso', 0, 'male', '24', '10.0', 'Toronto', 'Canada', 'Designer', NULL, NULL, NULL, NULL, 'default_avatar.png', 1408670343, 1408670343, 0, 0, 'HTPZ9GN31M'),
(109, 'Remark', 'Sharmarke.a1@gmail.com', '0d1a93be23303010d5debed6256ac20f', 'Sharmarke', 'Abdi', 0, 'male', '20', '10.0', 'Toronto', 'Canada', 'Visual Artist', 'www.daysintoronto.tumblr.com', '', '', 'http://www.instagram.com/re.mark', '91me1ymkqoz99d.jpg', 1408670403, 1408684360, 0, 0, 'KLG0RY5I31'),
(110, 'jcoophiphop', 'pbjcoop@gmail.com', '51ff11fd30733620eb34f87485c66a60', 'julian', 'cooper', 0, 'male', '29', '12.0', 'toronto', 'canada', 'ceo', NULL, NULL, NULL, NULL, 'default_avatar.png', 1408670556, 1408670556, 0, 0, 'BZPAAUTNZY'),
(111, 'Jyaakoub', 'J_ballah21@hotmail.com', '9f3747a3a297815357bc0ecbdd5f62d6', 'Jacques', 'Yaakoub', 0, 'male', '23', '11.0', 'Thormhill', 'Canada', 'Entrepreneur ', NULL, NULL, NULL, NULL, 'default_avatar.png', 1408670583, 1408670583, 0, 0, '7GSWN38KY2'),
(112, 'anilhphotos', 'anilhphotos@gmail.com', '80560ba973c14c753f1d0ccc88206305', 'anil', 'hanasoge', 0, 'male', '22', '12.0', 'Toronto', 'ON', 'photographer', NULL, NULL, NULL, NULL, 'default_avatar.png', 1408670906, 1408670906, 0, 0, 'NAK6IZJ5FX'),
(114, 'irvingdee', 'irvingdee@gmail.com', '1d0cc6a8910226e896fe01b4381d000e', 'Irving', 'Dejong', 0, 'male', '21', '10.5', 'scarborough', 'canada', 'creative', NULL, NULL, NULL, NULL, 'default_avatar.png', 1408671135, 1408671135, 0, 0, 'HTU86XA65G'),
(115, 'jasoneano', 'jason@hermannaudrey.com', '0d4f4a847643188636d4b0c344e00843', 'jason', 'eano', 0, 'male', '32', '10.5', 'toronto', 'canada', '', NULL, NULL, NULL, NULL, 'default_avatar.png', 1408671185, 1408671185, 0, 0, '6NR6N2R0XH'),
(116, 'originals', 'oriraynai@hotmail.ca', '1367a1bd96ad3bf114fdf544fcc4c2b3', 'ori', 'raynai', 0, 'male', '25', '9.0', 'toronto', 'ontario', '', NULL, NULL, NULL, NULL, 'default_avatar.png', 1408671339, 1408671339, 0, 0, 'BFRLXUJKOE'),
(117, 'khuudianne', 'diannekhuu@gmail.com', 'efe1b138647d9ee4764d4ebb888f4e91', 'dianne', 'khuu', 0, 'female', '30', '6.0', 'toronto', 'canada', '', NULL, NULL, NULL, NULL, 'default_avatar.png', 1408671800, 1408671800, 0, 0, 'INZTK7MRW4'),
(118, 'City', 'Chief@earmilk.com', 'e5c24b0e7a15b60002d9211824057f6f', 'Chief', 'B', 0, 'male', '', '10.0', 'Toronto', 'Canada', '23', NULL, NULL, NULL, NULL, 'default_avatar.png', 1408671882, 1408671882, 0, 0, 'JKMNEEN9YB'),
(119, 'legendsleague', 'thelegendsleague@gmail.com', 'b5fd7aa0b3c645823fd65a6dd289cefa', 'Bryan', 'Espiritu', 0, 'male', '33', '9.5', 'Toronto', 'Canada', '', NULL, NULL, NULL, NULL, 'default_avatar.png', 1408672357, 1408672357, 0, 0, 'FAEYYS0ZO3'),
(120, 'solocuts', 'kingsolomon20@hotmail.com', 'c3c92d2ae0f814666d87bd5d6b657ff8', 'solomon', 'woldemichael', 0, 'male', '20', '10.5', 'toronto', 'canada', 'mr', NULL, NULL, NULL, NULL, 'default_avatar.png', 1408672415, 1408672415, 0, 0, '81H9Z5AAM8'),
(121, 'Saul', 'eboya.1989825@gmail.com', 'cdb49d6e44381a8250a731f40bf729d7', 'Yao', 'Wang', 0, 'male', '25', '9.0', 'St.Catharines', 'Canada', '', NULL, NULL, NULL, NULL, 'default_avatar.png', 1408672633, 1408672633, 0, 0, 'S7PEDUJ5ET'),
(122, 'Nickybn', 'nicolebortsi@gmail.com', '6694b459537a647f1441c5c9396adf9a', 'Nicole', 'Bortsi', 0, 'female', '23', '7.5', 'Mississauga', 'Canada ', '', NULL, NULL, NULL, NULL, 'default_avatar.png', 1408673393, 1408673393, 0, 0, 'PYFIAOQGFF'),
(123, 'Barbz', 'Botabil@hotmail.com', '0a9b21edc966c183afc5ff90569e7ff0', 'Barbara', 'Otabil', 0, 'female', '23', '9.0', 'Brampton', 'Canada', 'Miss', NULL, NULL, NULL, NULL, 'default_avatar.png', 1408673639, 1408673639, 0, 0, 'J1AEA9IFZN'),
(124, 'hailyoni', 'yonael-hailu@hotmail.com', '4573a25c48f663dc31e3d963ffff9820', 'Yonael', 'Hailu', 0, NULL, '20', NULL, '', '', '', NULL, NULL, NULL, NULL, 'default_avatar.png', 1408673673, 1408673673, 0, 0, '4BITWSCBBC'),
(125, 'sammynba', 'sammy.nbarak@hotmail.com', '87370dfa49865bbfd77c54affd2e34b5', 'sammy', 'nbarak', 0, 'male', '20', '9.5', 'brampton', 'canada', 'mr', NULL, NULL, NULL, NULL, 'default_avatar.png', 1408673699, 1408673699, 0, 0, '12OWYHP0YG'),
(126, 'stfo23', 'stfo2323@hotmail.com', '108eb1852da593f6d0a99a60495dde3e', 'levy', 'dollars', 0, 'male', '26', '8.0', 'toronto', 'canada', 'ceo', NULL, NULL, NULL, NULL, 'default_avatar.png', 1408674035, 1408674035, 0, 0, 'GT0BXQDEMX'),
(127, 'Vincentia', 'vincentia@mail.com', 'c38144181e8b53c7dec2257f2a4479f0', 'Vincentia', 'A', 0, 'female', '20', '9.5', 'Toronto', 'Canada', 'Thug', NULL, NULL, NULL, NULL, 'default_avatar.png', 1408674260, 1408674260, 0, 0, 'SK8WA4B503'),
(128, 'markharris26', 'mark.harris2603@gmail.com', 'b7de0d4145bf670837900a0170eb2b81', 'Mark', 'Harris', 0, 'male', '23', '10.0', 'Vaughan', 'Canada', 'OG', NULL, NULL, NULL, NULL, 'default_avatar.png', 1408674304, 1408734446, 0, 0, 'ZJI0L5EKLZ'),
(129, '1980sneakerhead', 'mrjung@hotmail.com', '31616f9e57f1c11b31b865883edfd250', 'James', 'Jung', 0, 'male', '33', '11.0', 'Toronto', 'Canada', 'Sir', NULL, NULL, NULL, NULL, 'default_avatar.png', 1408675580, 1411428794, 0, 0, '4CK3Q0JPQG'),
(130, 'Shedagod', 'shedagod@gmail.com', '43f19ee167e978e4abc591e5384e15cc', 'SheDaGod', '', 0, NULL, '', NULL, 'The 6', '', 'Music Producer', '', 'http://@shedagod', '', '', 'gqirdpygi1t8ch.jpg', 1408708940, 1408709644, 0, 0, 'JZFYZUJCAT'),
(131, 'taraaquino', 'tara_marzan@hotmail.com', 'dce693926151357389cdb5774f849af2', 'Tara', 'Aquino', 0, NULL, '32', NULL, '', '', '', NULL, NULL, NULL, NULL, 'default_avatar.png', 1408767832, 1408767832, 0, 0, 'HRNVXL913N'),
(132, 'Abdiweli', 'ahagi@ichiup.com', '58253f736edd6037725d714dd97d6e8c', 'Abdiweli', 'Hagi', 0, 'male', '00', '10.0', 'Toronto', 'ON', 'GP', 'Some dude @ GP', '', '', '', 'default_avatar.png', 1408848953, 1408848953, 0, 0, 'YUY1DNTJL9'),
(133, 'ChristinaGCheng', 'christinagcheng@gmail.com', '7364d58db1e6e3f38868165a23a6534e', 'Christina', 'Cheng', 0, 'female', '25', '6.0', 'Toronto', 'Canada', 'Journalist, Stylist, Creative', '', '', '', '', 'default_avatar.png', 1408990932, 1408990932, 0, 0, 'TE8WSHZ2F6'),
(134, 'liddkun', 'naman.dinh@gmail.com', '65b798694f50fc998b46b6595dcdda89', 'Nam', 'Dinh', 0, 'male', '23', '10.0', 'Missisauga', 'Canada', '', NULL, NULL, NULL, NULL, 'default_avatar.png', 1409274525, 1409274525, 0, 0, 'QC49EI0KN7'),
(135, 'jmunsaka', 'jackmunsaka@gmail.com', '0abbc6910dfa1a0e0ed53b2cfba7ed4b', 'Jack', 'Munsaka', 0, 'male', '28', '9.0', 'Toronto', 'Canada', '', NULL, NULL, NULL, NULL, 'default_avatar.png', 1409590586, 1409590586, 0, 0, 'QJFSU8BNO7'),
(136, 'JennaThompson', 'jenna.thompson@uleth.ca', 'af9e30f780e6e2cd91ba5b404387094a', 'Jenna', 'Thompson', 0, 'female', '23', '5.0', 'Lethbridge', 'Canada', 'BFA New Media', '', '', '', '', 'kwtrm9v8gb1j1s.jpg', 1411591737, 1411591737, 0, 0, 'O3I54NSAG6'),
(137, 'kydoe', 'kmdoering@gmail.com', '0f158bcc0c5e455fea676c9b06d460bc', 'Kyla', 'Doering', 0, 'female', '25', '8.5', 'Toronto', 'Ontario', 'Ms.', NULL, NULL, NULL, NULL, 'gpyqgvq6h3usj9.jpg', 1412041709, 1412041709, 0, 0, 'ZCQFH8QDY2');

-- --------------------------------------------------------

--
-- Table structure for table `winners`
--

CREATE TABLE IF NOT EXISTS `winners` (
  `id` int(11) NOT NULL AUTO_INCREMENT,
  `user_id` int(11) NOT NULL,
  `entry_datetime` int(11) NOT NULL,
  `deleted` int(1) NOT NULL DEFAULT '0',
  `ordering` int(11) NOT NULL DEFAULT '1',
  `event` varchar(250) NOT NULL,
  `prize` varchar(250) NOT NULL,
  `sent` int(1) NOT NULL DEFAULT '0',
  PRIMARY KEY (`id`)
) ENGINE=InnoDB  DEFAULT CHARSET=latin1 AUTO_INCREMENT=13 ;

--
-- Dumping data for table `winners`
--

INSERT INTO `winners` (`id`, `user_id`, `entry_datetime`, `deleted`, `ordering`, `event`, `prize`, `sent`) VALUES
(1, 58, 0, 0, 0, 'FM Launch', 'Men''s Oliberte Shoe', 1),
(2, 84, 0, 0, 1, 'FM Launch', 'Nike Bag', 1),
(3, 28, 0, 1, 2, 'FM Launch', 'Oliberte Bag', 0),
(4, 77, 0, 0, 3, 'FM Launch', 'S4 Mini', 1),
(5, 52, 0, 0, 4, 'FM Launch', 'S4 Mini', 1),
(6, 12, 0, 0, 5, 'FM Launch', 'Gravity Poppe $100 Voucher towards Vans ', 1),
(7, 109, 0, 0, 6, 'FM Launch', 'Jordan Six', 1),
(8, 96, 0, 0, 7, 'FM Launch', 'Livestock Tees', 1),
(9, 21, 0, 0, 8, 'FM Launch', 'Women''s Oliberte Shoes', 1),
(10, 18, 0, 1, 9, 'FM Launch', 'Jason Mark x Livestock Shoe Cleaner', 1),
(11, 111, 0, 0, 9, 'FM Launch', 'Jason Mark x Livestock Shoe Cleaner', 1),
(12, 97, 0, 0, 10, 'FM Launch', 'Oliberte Bag', 1);

/*!40101 SET CHARACTER_SET_CLIENT=@OLD_CHARACTER_SET_CLIENT */;
/*!40101 SET CHARACTER_SET_RESULTS=@OLD_CHARACTER_SET_RESULTS */;
/*!40101 SET COLLATION_CONNECTION=@OLD_COLLATION_CONNECTION */;
